-- MySQL dump 10.11
--
-- Host: localhost    Database: odinms
-- ------------------------------------------------------
-- Server version	5.0.77

/*!40101 SET @OLD_CHARACTER_SET_CLIENT=@@CHARACTER_SET_CLIENT */;
/*!40101 SET @OLD_CHARACTER_SET_RESULTS=@@CHARACTER_SET_RESULTS */;
/*!40101 SET @OLD_COLLATION_CONNECTION=@@COLLATION_CONNECTION */;
/*!40101 SET NAMES utf8 */;
/*!40103 SET @OLD_TIME_ZONE=@@TIME_ZONE */;
/*!40103 SET TIME_ZONE='+00:00' */;
/*!40014 SET @OLD_UNIQUE_CHECKS=@@UNIQUE_CHECKS, UNIQUE_CHECKS=0 */;
/*!40014 SET @OLD_FOREIGN_KEY_CHECKS=@@FOREIGN_KEY_CHECKS, FOREIGN_KEY_CHECKS=0 */;
/*!40101 SET @OLD_SQL_MODE=@@SQL_MODE, SQL_MODE='NO_AUTO_VALUE_ON_ZERO' */;
/*!40111 SET @OLD_SQL_NOTES=@@SQL_NOTES, SQL_NOTES=0 */;

--
-- Table structure for table `accounts`
--

DROP TABLE IF EXISTS `accounts`;
SET @saved_cs_client     = @@character_set_client;
SET character_set_client = utf8;
CREATE TABLE `accounts` (
  `id` int(11) NOT NULL auto_increment,
  `name` varchar(13) NOT NULL default '',
  `totalvotes` int(11) NOT NULL default '0',
  `forumid` int(11) NOT NULL default '0',
  `newpassword` varchar(13) default NULL,
  `banned` tinyint(1) NOT NULL default '0',
  `banreason` text,
  `gm` int(11) NOT NULL default '0',
  `lastknownip` varchar(30) NOT NULL default '',
  `lastloginip` varchar(30) NOT NULL default '',
  `donator` tinyint(1) NOT NULL default '0',
  `donated` int(11) NOT NULL default '0',
  `surplus` int(11) NOT NULL default '0',
  `donatorpoints` int(11) NOT NULL default '0',
  `password` varchar(128) NOT NULL default '',
  `salt` varchar(32) default NULL,
  `loggedin` tinyint(4) NOT NULL default '0',
  `createdate` timestamp NOT NULL default CURRENT_TIMESTAMP,
  `lastlogin` timestamp NULL default NULL,
  `birthday` date NOT NULL default '0000-00-00',
  `tempban` int(10) NOT NULL default '0',
  `greason` int(10) default NULL,
  `email` text,
  `paypalNX` int(10) NOT NULL default '0',
  `mPoints` int(10) NOT NULL default '0',
  `cardNX` int(10) NOT NULL default '0',
  PRIMARY KEY  (`id`),
  UNIQUE KEY `name` (`name`)
) ENGINE=InnoDB AUTO_INCREMENT=32 DEFAULT CHARSET=latin1;
SET character_set_client = @saved_cs_client;

--
-- Dumping data for table `accounts`
--

LOCK TABLES `accounts` WRITE;
/*!40000 ALTER TABLE `accounts` DISABLE KEYS */;
INSERT INTO `accounts` VALUES (1,'aspergers',3,0,NULL,0,NULL,1,'203.158.48.97','203.158.48.97',1,0,3,0,'51bfd4964fa7dc7140d59e7525db1422cefeb2b6c72eb30030157d07c76961d0a50dfa7a015f15c3f54a2a23c36e0c3c62b1eec54aaa50fa424e74ecf609b3df','27c2f5251f4bfe502c32a77302f4549a',0,'2010-05-14 13:33:45','2010-06-05 11:16:31','1994-09-22',0,NULL,'farmerstory.manager@gmail.com',1333337,0,3399),(2,'Tamtam',0,0,NULL,0,NULL,1,'80.108.234.42','80.108.234.42',0,0,0,0,'5d42fdd4f5e1bc2e3ad22539b357f48a0beb1386f46be163051a985691122f55429a2ad4bfcc3f605032662d346be3e67b2992062986230b23b9b059ea3ed899','975da21afeb3ba8b8567ad4a68ab86e5',0,'2010-05-14 15:03:16','2010-06-05 09:09:09','1993-02-21',0,NULL,'freshxfruit@hotmail.com',1333337,0,0),(3,'seveneleven',0,0,NULL,0,NULL,1,'121.45.246.187','121.45.246.187',0,0,0,0,'db002f46a17c7ad119f659e5334de449c8b527da6a648ec026bcb8c3a2088e3523c87399c71da48fa3cc97812dc51ba1e22fa2421dae9ce748e227e6b28e1b01','80086cd7926309b0ea905a8989288d17',0,'2010-05-14 19:11:17','2010-06-05 10:20:06','2010-01-01',0,NULL,'sunkist@internode.on.net',1333337,0,0),(4,'00psies',0,0,NULL,0,NULL,0,'68.81.133.151','68.81.133.151',0,0,0,0,'7bf0c980ece4b8a53fd9943aaa32b8a055f6c0b812eb772d1331598a434561f0d014c946b039293b06c2bacd3dbbd720eadbff405413f051b8932d7def2879c5','746859aac4ccd1e65a15798d52e80045',0,'2010-05-14 19:52:05','2010-06-04 23:50:19','1991-08-17',0,NULL,'get-with@hotmail.com',0,0,0),(5,'lionelione43',0,0,NULL,0,NULL,0,'99.237.200.47','99.237.200.47',0,0,0,0,'0f61217f73b00119cf4ee59c9acafefa803f8b81ed95e1313cb3919802f596019ff222e5e6a92308231e1593873c6ebd6fa0ce1c5bcb50400cfa7277d3df344a','3c1e3e880181ef3b8f5dc1d1d7b8ccad',0,'2010-05-14 22:40:27','2010-06-05 04:14:04','1995-03-28',0,NULL,'jamie_e94@live.com',0,0,0),(6,'Khala',0,0,NULL,0,NULL,1,'96.41.8.227','96.41.8.227',0,0,0,0,'6bc39f49717e63f08fd01de86d7ec7b0f73a763e2dd927ac290462c3dee544bf259830c6566edf3293fb8c5731b533fb5d687646d989abb3607fe2521912cabd','9876437fc08f09210848b7261d5504ac',0,'2010-05-15 01:26:12','2010-06-05 07:05:58','1994-08-30',0,NULL,'fflare@live.com',0,0,0),(7,'D3ath',0,0,NULL,0,NULL,0,'203.158.48.97','203.158.48.97',0,0,0,0,'d21a65741e96b1f9620f4cb17337b5a66cc24a010b7f0eb59df6ad676e4232f9a04eeb44e4b85379ab25eb45501d9ca014698265b2f2f7966c2cf9d4be809921','8f927de59b870c0331950cb664dbe60f',0,'2010-05-15 01:33:48','2010-05-29 11:42:45','1990-01-11',0,NULL,'Hamstring_@hotmail.com',0,0,0),(8,'HijinxJill',0,0,NULL,0,NULL,0,'','',0,0,0,0,'01ef0bc1f91bf8efd55a198f0ef975b3529c9ebf',NULL,0,'2010-05-15 02:39:44',NULL,'1994-03-17',0,NULL,'dj-berry@live.com',0,0,0),(9,'OMGJoyce',0,0,NULL,0,NULL,0,'68.193.123.15','68.193.123.15',0,0,0,0,'0e18685a8233d688e520dbe19e4e36f4160687a77e4daebfc79a8b20a16b839fbe07cf967ec9855216035c13146110fcfbbfd27594f72a5c6565cbb2aa645e3e','82f93e82ca07785aee8821d17dacfa0a',0,'2010-05-15 02:47:58','2010-06-05 02:57:47','1993-11-15',0,NULL,'JOYCExLOVE@live.com',1333337,0,0),(10,'xjanetloves',0,0,NULL,0,NULL,0,'116.88.219.144','116.88.219.144',0,0,0,0,'998d2bc8c4fd0cd9e71b9d61897c6f15df88fb997ba201b6077bc068bd8351c32be3b23e26bc27591ceb2b514a96f9d6f7adcdbd282799afdb25c5a79a8e38a0','7e08d703d059d658a2be86c1f5a70602',0,'2010-05-15 02:53:00','2010-06-04 13:20:31','1991-11-21',0,NULL,'janettan_91@hotmail.com',1333337,0,0),(11,'Xero',0,0,NULL,0,NULL,0,'119.74.129.218','119.74.129.218',0,0,0,0,'d8df54ca1a16f66543ca7e5e67371274ab35c085c1fbb2361457644ff9480dd5d68f5360a967277fcfbae409c825f604917d794fc04e3ca45b13201170277e9f','464f658b5c55bd21f05e4f5ac423bee1',0,'2010-05-15 03:54:45','2010-06-03 13:17:21','1995-02-15',0,NULL,'eng_w_j@Hotmail.com',1333337,0,0),(12,'Hewson',0,0,NULL,0,NULL,1,'122.106.78.10','121.220.99.66',0,0,0,0,'14b08c52b832e1f7e038a116ceab561f03fb877b3f55f3daa7f618992f35a815e16eb59eb7269bffe7d6b5845fcba80b9adf4b5a8a8823289fef4f49c3764ac9','6d4a09f4087c260695b04ffdc0e8dc44',0,'2010-05-15 07:27:03','2010-06-05 11:16:24','1995-11-21',0,NULL,'h-h-ewson@live.com',133210337,0,0),(13,'Zyzemo',0,0,NULL,0,NULL,0,'99.69.64.125','99.69.64.125',1,0,0,133337,'f5964291d45e6a24133cdd93b0f85ad1a300afc17b3247f3d4f0a965b2b765a9d903b1f1db41e4c3129ba96487a91beec233852567bf3403010ff810087b61a8','214a8b9d0ce1ada08f0c726a57ecb746',0,'2010-05-16 02:12:15','2010-06-04 01:17:11','1988-07-01',0,NULL,'falling_rstar@hotmail.com',1333337,0,0),(14,'gary3210',0,0,NULL,0,NULL,0,'121.6.59.4','121.6.59.4',0,0,0,0,'7973f63a87761768e28827a8ac5635eb4d31e1c79ef7a2923d74dbad9746665820610c19bb48cb09c0036c2973b269b564db0bd6429d688503ea113cae8cc1b9','4511ec5e9100ae649363367082ce6313',0,'2010-05-16 07:13:47','2010-06-04 11:01:24','1993-07-26',0,NULL,'zongzhe32@hotmail.com',0,0,0),(15,'Drew',0,0,NULL,0,NULL,0,'','',0,0,0,0,'7c4a8d09ca3762af61e59520943dc26494f8941b',NULL,0,'2010-05-16 15:29:46',NULL,'1996-05-08',0,NULL,'drewcbui@live.com',0,0,0),(16,'DUH123',0,0,NULL,0,NULL,0,'','',0,0,0,0,'741b66db69291c66265a537b3d3e9c6c398db9a6',NULL,0,'2010-05-16 22:14:31',NULL,'1990-05-08',0,NULL,'hidigimonhi@yahoo.com',0,0,0),(17,'jackjjflx',0,0,NULL,0,NULL,0,'','',0,0,0,0,'cabf6909d0802ce98d44f94762c2a7e9f97bf4e3',NULL,0,'2010-05-17 00:54:00',NULL,'1990-01-01',0,NULL,'minari.love@hotmail.com',0,0,0),(18,'Roro48',0,0,NULL,0,NULL,0,'','',0,0,0,0,'98719bfd516e7700e4ee16ed0f12e4fe9e966f80',NULL,0,'2010-05-20 01:52:11',NULL,'1996-08-16',0,NULL,'ro-ro-81696@hotmail.com',0,0,0),(19,'jentage',0,0,NULL,0,NULL,0,'124.82.8.225','124.82.8.225',0,0,0,0,'6f1dc7160ce018045e8e4d78e4d31b5544fbe03892846e049b0a3884007921160acd5036b58562d3b7ba545f211303be0f2f223fdb8d4351feef531e1e816fbf','4c5e3b69ec9a587ea0b8a909a820b0ed',0,'2010-05-20 13:08:29','2010-06-05 06:15:35','1996-02-06',0,NULL,'yew1996@hotmail.com',1333337,0,0),(20,'fionah21',0,0,NULL,0,NULL,0,'122.107.161.59','122.107.161.59',0,0,0,0,'0db98a0987c04c39c7c9b3ada18b3c40f71b80b3e8381947ec211edd09b501d39c993830f226dd99ac2e2debd0b57833b5769c155664c26c4c24b56a9184fee5','3be38ceed4bb50f7c22dd600da257803',0,'2010-05-24 13:07:16','2010-06-04 12:16:12','1992-01-21',0,NULL,'shooting_star_fi@hotmail.com',1333337,0,0),(21,'cupoflove',0,0,NULL,0,NULL,0,'116.88.217.101','',0,0,0,0,'ff68c71a46610d37f499ce14f587c0669d2a53ed4f92012196c4c0ad99df7a7d2624514eb61cb20d525e6697e38c2c2523934683cacd2dd0bb18be3888ad0499','9bd48b8457afddc96fd50f0b6a0cc0f5',0,'2010-05-26 12:22:14','2010-05-26 12:23:58','1991-11-21',0,NULL,'zackeri@live.com.sg',0,0,0),(23,'dizzi445',0,0,NULL,0,NULL,0,'216.66.131.223','216.66.131.223',0,0,0,0,'52def5625ca0b25fc81c47bfbe7a8b786e4552d3a66d862e6c104423c9a03d95e8cb69df5c968951903c3b722a7565db6ca43575110841b84156ba133f1f50ec','f27ccdf3086eb8fd350d6199381123fe',0,'2010-05-27 13:30:52','2010-05-30 18:49:15','1990-01-01',0,NULL,'dizzi445@hotmail.com',0,0,0),(24,'SkyDSeiryu',0,0,NULL,0,NULL,0,'','',0,0,0,0,'6e10e10bd36acf062ca6c386d23ebf79a3eb0800',NULL,0,'2010-05-28 04:13:43',NULL,'1993-01-17',0,NULL,'azuresea1993@hotmail.com',0,0,0),(25,'elevenseven',0,0,NULL,0,NULL,0,'121.45.255.166','121.45.255.166',0,0,0,0,'6e9e66a041c340b3e30f4f42978a7052897367858b00333f6b086d7192d6677ee355d8d4400a9419d2b676989c8e3a07721ef691c071bbb2017d697035742668','d2c1ad80d5c29032dd03e5995cfcbb9e',0,'2010-05-28 16:08:38','2010-05-31 14:23:44','2010-01-01',0,NULL,'sunkist@internode.on.net',0,0,0),(26,'PizzaTheHutt',0,0,NULL,0,NULL,0,'174.48.98.169','174.48.98.169',0,0,0,0,'77883bf11f399bfc9611cd9a3979079687b65ccf3d66dbfc2f53660d2f4e3d4d4d95850a22e87e498177709a2cdb7080ec01bdf781aa24bb0a2e77c5464a3174','872d20141f121845d3cbf202ae6c73b7',0,'2010-05-29 00:58:18','2010-06-05 03:08:59','1986-09-01',0,NULL,'worldofian2@yahoo.com',0,0,0),(27,'Pannyx3',0,0,NULL,0,NULL,1,'211.30.134.115','211.30.134.115',0,0,0,0,'45b76955906fc26669d70e07e2afc3a43fe99a076dea11a229a9173ab7e54787bc2955637425830c89339316336ceb06321c979230be30547d0e7e0e53c8a57c','0d658539e5984513c0b787e68ae030a3',0,'2010-05-29 06:01:15','2010-06-05 06:58:05','1995-03-12',0,NULL,'panny.x3@hotmail.com',1333337,0,0),(28,'romilove',0,0,NULL,0,NULL,0,'79.181.133.244','79.181.133.244',0,0,0,0,'2fd2c64d7f9e6e2ea9a24d09934eef475ae49ecd4a9eb081bbddca60a5254611e5cd4564a1bbc7d689a0d47c47c3f191bb1277f1c082b16d4ee1a551f772a335','caa3f42b092bbe77365edaef6a6cedfe',0,'2010-05-29 11:40:53','2010-05-29 16:20:35','1992-10-31',0,NULL,'romi3102@nana.co.il',1333337,0,0),(29,'MattEnloe',0,0,NULL,1,'Sexy banned Deus: you are not welcome ;D',0,'24.21.180.87','24.21.180.87',0,0,0,0,'875c156b14067af2c448c0fd8cadb2fc7fe9c72b82c92fa8e35bca24533b8c9ed65b8e6bbcc2b82a571f47ba995b7d0aec7aab60ede5b2f963fd30c8cb6568ba','dc001385a2bb9dddc73cdc74091b2b5d',0,'2010-05-30 02:13:59','2010-05-30 04:56:53','1993-10-22',0,NULL,'mattisonenloe@summaxr.com',0,0,0),(30,'fatalzxc',0,0,'chasingcar5',0,NULL,1,'121.220.99.66','222.164.120.250',0,0,0,0,'39799c7957d0248da48ec6f7e561b6366c97dce128da400a6458fae1f27825df59ab4ed5d1eff1eeef5724982ffdd691dc3a8f2a0f6664159075937dabef8213','6dbce886fa3da425c0855bca900c3919',0,'2010-05-30 13:27:32','2010-06-05 11:16:09','1995-07-13',0,NULL,'sportscar_dar@hotmail.com',1333337,0,0),(31,'topaz1141',0,0,NULL,0,NULL,0,'98.254.213.241','98.254.213.241',0,0,0,0,'16fd21c4223a399d1309bed6304fe05a59ecfee7edb45744573c76aaf8fc9fc19c8ef98f0821aa69d835613aa5443fac9114f58e1afafb1ee0b8334695199209','3041adb894ac9035d87edaa6c0bb4159',0,'2010-06-02 00:04:40','2010-06-05 03:05:57','1993-07-23',0,NULL,'omgcottoncandy@hotmail.com',999999,0,0);
/*!40000 ALTER TABLE `accounts` ENABLE KEYS */;
UNLOCK TABLES;

--
-- Table structure for table `alliance`
--

DROP TABLE IF EXISTS `alliance`;
SET @saved_cs_client     = @@character_set_client;
SET character_set_client = utf8;
CREATE TABLE `alliance` (
  `id` int(10) unsigned NOT NULL auto_increment,
  `name` varchar(13) NOT NULL,
  `notice` varchar(128) NOT NULL default '',
  `capacity` int(10) unsigned NOT NULL default '2',
  `rank_title1` varchar(45) NOT NULL default 'Master',
  `rank_title2` varchar(45) NOT NULL default 'Jr.Master',
  `rank_title3` varchar(45) NOT NULL default 'Member',
  `rank_title4` varchar(45) NOT NULL default 'Member',
  `rank_title5` varchar(45) NOT NULL default 'Member',
  `guild1` int(10) NOT NULL default '-1',
  `guild2` int(10) NOT NULL default '-1',
  `guild3` int(10) NOT NULL default '-1',
  `guild4` int(10) NOT NULL default '-1',
  `guild5` int(10) NOT NULL default '-1',
  PRIMARY KEY  (`id`)
) ENGINE=InnoDB DEFAULT CHARSET=latin1;
SET character_set_client = @saved_cs_client;

--
-- Dumping data for table `alliance`
--

LOCK TABLES `alliance` WRITE;
/*!40000 ALTER TABLE `alliance` DISABLE KEYS */;
/*!40000 ALTER TABLE `alliance` ENABLE KEYS */;
UNLOCK TABLES;

--
-- Table structure for table `ascension_character`
--

DROP TABLE IF EXISTS `ascension_character`;
SET @saved_cs_client     = @@character_set_client;
SET character_set_client = utf8;
CREATE TABLE `ascension_character` (
  `id` int(10) unsigned NOT NULL auto_increment,
  `expincrease` int(11) NOT NULL default '0',
  `mesoincrease` int(11) NOT NULL default '0',
  `dropincrease` int(11) NOT NULL default '0',
  `bossdropincrease` int(11) NOT NULL default '0',
  `starttime` bigint(16) NOT NULL default '0',
  `endtime` bigint(16) NOT NULL default '0',
  `str` int(11) NOT NULL default '0',
  `int` int(11) NOT NULL default '0',
  `luk` int(11) NOT NULL default '0',
  `dex` int(11) NOT NULL default '0',
  `storageap` int(11) NOT NULL default '0',
  `remainingap` int(11) NOT NULL default '0',
  PRIMARY KEY  (`id`)
) ENGINE=InnoDB DEFAULT CHARSET=latin1;
SET character_set_client = @saved_cs_client;

--
-- Dumping data for table `ascension_character`
--

LOCK TABLES `ascension_character` WRITE;
/*!40000 ALTER TABLE `ascension_character` DISABLE KEYS */;
/*!40000 ALTER TABLE `ascension_character` ENABLE KEYS */;
UNLOCK TABLES;

--
-- Table structure for table `ascension_equipment`
--

DROP TABLE IF EXISTS `ascension_equipment`;
SET @saved_cs_client     = @@character_set_client;
SET character_set_client = utf8;
CREATE TABLE `ascension_equipment` (
  `ascensionequipmentid` int(10) unsigned NOT NULL auto_increment,
  `ascensionitemid` bigint(16) unsigned NOT NULL default '0',
  `upgradeslots` int(11) NOT NULL default '0',
  `level` int(11) NOT NULL default '0',
  `str` int(11) NOT NULL default '0',
  `dex` int(11) NOT NULL default '0',
  `int` int(11) NOT NULL default '0',
  `luk` int(11) NOT NULL default '0',
  `hp` int(11) NOT NULL default '0',
  `mp` int(11) NOT NULL default '0',
  `watk` int(11) NOT NULL default '0',
  `matk` int(11) NOT NULL default '0',
  `wdef` int(11) NOT NULL default '0',
  `mdef` int(11) NOT NULL default '0',
  `acc` int(11) NOT NULL default '0',
  `avoid` int(11) NOT NULL default '0',
  `hands` int(11) NOT NULL default '0',
  `speed` int(11) NOT NULL default '0',
  `jump` int(11) NOT NULL default '0',
  `hammers` int(11) NOT NULL default '0',
  `ringid` int(11) NOT NULL default '-1',
  PRIMARY KEY  (`ascensionequipmentid`),
  KEY `ascensionitemid` (`ascensionitemid`),
  CONSTRAINT `ascension_equipment_ibfk_1` FOREIGN KEY (`ascensionitemid`) REFERENCES `ascension_items` (`ascensionitemid`) ON DELETE CASCADE
) ENGINE=InnoDB DEFAULT CHARSET=latin1;
SET character_set_client = @saved_cs_client;

--
-- Dumping data for table `ascension_equipment`
--

LOCK TABLES `ascension_equipment` WRITE;
/*!40000 ALTER TABLE `ascension_equipment` DISABLE KEYS */;
/*!40000 ALTER TABLE `ascension_equipment` ENABLE KEYS */;
UNLOCK TABLES;

--
-- Table structure for table `ascension_items`
--

DROP TABLE IF EXISTS `ascension_items`;
SET @saved_cs_client     = @@character_set_client;
SET character_set_client = utf8;
CREATE TABLE `ascension_items` (
  `ascensionitemid` bigint(16) unsigned NOT NULL auto_increment,
  `ascensionid` int(10) default NULL,
  `itemid` int(11) NOT NULL default '0',
  `quantity` int(11) NOT NULL default '0',
  `owner` tinytext NOT NULL,
  `expiredate` bigint(20) NOT NULL default '-1',
  `petid` int(11) NOT NULL default '-1',
  `footnote` text,
  `flag` int(11) NOT NULL default '0',
  PRIMARY KEY  (`ascensionitemid`),
  KEY `ascensionid` (`ascensionid`)
) ENGINE=InnoDB DEFAULT CHARSET=latin1;
SET character_set_client = @saved_cs_client;

--
-- Dumping data for table `ascension_items`
--

LOCK TABLES `ascension_items` WRITE;
/*!40000 ALTER TABLE `ascension_items` DISABLE KEYS */;
/*!40000 ALTER TABLE `ascension_items` ENABLE KEYS */;
UNLOCK TABLES;

--
-- Table structure for table `autobuffs`
--

DROP TABLE IF EXISTS `autobuffs`;
SET @saved_cs_client     = @@character_set_client;
SET character_set_client = utf8;
CREATE TABLE `autobuffs` (
  `id` int(11) NOT NULL auto_increment,
  `characterid` int(11) NOT NULL,
  `skillid` int(11) NOT NULL,
  PRIMARY KEY  (`id`),
  KEY `autobuffs_ibfk1` (`characterid`),
  CONSTRAINT `autobuffs_ibfk1` FOREIGN KEY (`characterid`) REFERENCES `characters` (`id`) ON DELETE CASCADE
) ENGINE=InnoDB DEFAULT CHARSET=latin1;
SET character_set_client = @saved_cs_client;

--
-- Dumping data for table `autobuffs`
--

LOCK TABLES `autobuffs` WRITE;
/*!40000 ALTER TABLE `autobuffs` DISABLE KEYS */;
/*!40000 ALTER TABLE `autobuffs` ENABLE KEYS */;
UNLOCK TABLES;

--
-- Table structure for table `banlog`
--

DROP TABLE IF EXISTS `banlog`;
SET @saved_cs_client     = @@character_set_client;
SET character_set_client = utf8;
CREATE TABLE `banlog` (
  `id` int(11) NOT NULL auto_increment,
  `accountid` int(11) NOT NULL default '0',
  `banreason` text,
  `banstamp` bigint(16) NOT NULL default '0',
  PRIMARY KEY  (`id`),
  KEY `accountid` (`accountid`),
  CONSTRAINT `banlog_ibfk_1` FOREIGN KEY (`accountid`) REFERENCES `accounts` (`id`) ON DELETE CASCADE
) ENGINE=InnoDB AUTO_INCREMENT=1362 DEFAULT CHARSET=latin1;
SET character_set_client = @saved_cs_client;

--
-- Dumping data for table `banlog`
--

LOCK TABLES `banlog` WRITE;
/*!40000 ALTER TABLE `banlog` DISABLE KEYS */;
INSERT INTO `banlog` VALUES (1361,29,'Sexy banned Deus: you are not welcome ;D',1275195380281);
/*!40000 ALTER TABLE `banlog` ENABLE KEYS */;
UNLOCK TABLES;

--
-- Table structure for table `bbs_replies`
--

DROP TABLE IF EXISTS `bbs_replies`;
SET @saved_cs_client     = @@character_set_client;
SET character_set_client = utf8;
CREATE TABLE `bbs_replies` (
  `replyid` int(10) unsigned NOT NULL auto_increment,
  `threadid` int(10) unsigned NOT NULL,
  `postercid` int(10) unsigned NOT NULL,
  `timestamp` bigint(20) unsigned NOT NULL,
  `content` varchar(26) NOT NULL default '',
  PRIMARY KEY  (`replyid`)
) ENGINE=InnoDB DEFAULT CHARSET=latin1;
SET character_set_client = @saved_cs_client;

--
-- Dumping data for table `bbs_replies`
--

LOCK TABLES `bbs_replies` WRITE;
/*!40000 ALTER TABLE `bbs_replies` DISABLE KEYS */;
/*!40000 ALTER TABLE `bbs_replies` ENABLE KEYS */;
UNLOCK TABLES;

--
-- Table structure for table `bbs_threads`
--

DROP TABLE IF EXISTS `bbs_threads`;
SET @saved_cs_client     = @@character_set_client;
SET character_set_client = utf8;
CREATE TABLE `bbs_threads` (
  `threadid` int(10) unsigned NOT NULL auto_increment,
  `postercid` int(10) unsigned NOT NULL,
  `name` varchar(26) NOT NULL default '',
  `timestamp` bigint(20) unsigned NOT NULL,
  `icon` smallint(5) unsigned NOT NULL,
  `replycount` smallint(5) unsigned NOT NULL default '0',
  `startpost` text NOT NULL,
  `guildid` int(10) unsigned NOT NULL,
  `localthreadid` int(10) unsigned NOT NULL,
  PRIMARY KEY  (`threadid`)
) ENGINE=InnoDB DEFAULT CHARSET=latin1;
SET character_set_client = @saved_cs_client;

--
-- Dumping data for table `bbs_threads`
--

LOCK TABLES `bbs_threads` WRITE;
/*!40000 ALTER TABLE `bbs_threads` DISABLE KEYS */;
/*!40000 ALTER TABLE `bbs_threads` ENABLE KEYS */;
UNLOCK TABLES;

--
-- Table structure for table `buddies`
--

DROP TABLE IF EXISTS `buddies`;
SET @saved_cs_client     = @@character_set_client;
SET character_set_client = utf8;
CREATE TABLE `buddies` (
  `id` int(11) NOT NULL auto_increment,
  `characterid` int(11) NOT NULL,
  `buddyid` int(11) NOT NULL,
  `pending` tinyint(4) NOT NULL default '0',
  `group` varchar(25) NOT NULL default 'Default Group',
  PRIMARY KEY  (`id`),
  KEY `characterid` (`characterid`),
  KEY `buddyid` (`buddyid`),
  CONSTRAINT `buddies_ibfk_1` FOREIGN KEY (`characterid`) REFERENCES `characters` (`id`) ON DELETE CASCADE,
  CONSTRAINT `buddies_ibfk_2` FOREIGN KEY (`buddyid`) REFERENCES `characters` (`id`) ON DELETE CASCADE
) ENGINE=InnoDB AUTO_INCREMENT=6097 DEFAULT CHARSET=latin1;
SET character_set_client = @saved_cs_client;

--
-- Dumping data for table `buddies`
--

LOCK TABLES `buddies` WRITE;
/*!40000 ALTER TABLE `buddies` DISABLE KEYS */;
INSERT INTO `buddies` VALUES (193,100005,100001,0,'Default Group'),(651,100003,100001,0,'Default Group'),(1483,100021,100001,0,'Default Group'),(1484,100021,100007,0,'Default Group'),(1581,100012,100001,0,'Default Group'),(2377,100015,100001,0,'Default Group'),(2378,100015,100019,0,'Default Group'),(2379,100015,100011,0,'Default Group'),(2380,100015,100013,0,'Default Group'),(3764,100009,100001,0,'Default Group'),(3765,100009,100002,0,'Default Group'),(3766,100009,100025,0,'Default Group'),(3767,100009,100037,0,'Default Group'),(4452,100011,100001,0,'Default Group'),(4453,100011,100017,0,'Default Group'),(4454,100011,100019,0,'Default Group'),(4456,100011,100015,0,'Default Group'),(4518,100007,100001,0,'Default Group'),(4520,100007,100002,0,'Default Group'),(4521,100007,100021,0,'Default Group'),(4544,100020,100001,0,'Default Group'),(4545,100020,100017,0,'Default Group'),(4546,100020,100037,0,'Default Group'),(5047,100024,100019,0,'Default Group'),(5048,100024,100001,0,'Default Group'),(5051,100019,100001,0,'Default Group'),(5053,100019,100011,0,'Default Group'),(5054,100019,100015,0,'Default Group'),(5055,100019,100013,0,'Default Group'),(5057,100019,100024,0,'Default Group'),(5118,100013,100019,0,'Default Group'),(5119,100013,100015,0,'Default Group'),(5120,100013,100017,0,'Default Group'),(5121,100013,100001,0,'Default Group'),(5276,100037,100002,0,'Default Group'),(5277,100037,100001,0,'Default Group'),(5278,100037,100017,0,'Default Group'),(5279,100037,100020,0,'Default Group'),(5991,100017,100011,0,'Default Group'),(5992,100017,100001,0,'Default Group'),(5993,100017,100002,0,'Default Group'),(5994,100017,100013,0,'Default Group'),(5995,100017,100019,0,'Default Group'),(5996,100017,100020,0,'Default Group'),(5997,100017,100037,0,'Default Group'),(5998,100017,100025,0,'Default Group'),(5999,100017,100038,0,'Default Group'),(6005,100026,100038,0,'Default Group'),(6034,100002,100001,0,'Default Group'),(6035,100002,100007,0,'Default Group'),(6036,100002,100017,0,'Default Group'),(6037,100002,100025,0,'Default Group'),(6038,100002,100037,0,'Default Group'),(6039,100002,100009,0,'Default Group'),(6040,100002,100038,0,'Default Group'),(6072,100025,100002,0,'Default Group'),(6073,100025,100001,0,'Default Group'),(6074,100025,100009,0,'Default Group'),(6075,100025,100017,0,'Default Group'),(6076,100025,100038,0,'Default Group'),(6077,100038,100025,0,'Default Group'),(6078,100038,100026,0,'Default Group'),(6079,100038,100002,0,'Default Group'),(6080,100038,100017,0,'Default Group'),(6081,100001,100002,0,'GMs'),(6082,100001,100003,0,'Default Group'),(6083,100001,100005,0,'Default Group'),(6084,100001,100007,0,'Default Group'),(6085,100001,100009,0,'GMs'),(6086,100001,100011,0,'GMs'),(6087,100001,100012,0,'GMs'),(6088,100001,100015,0,'GMs'),(6089,100001,100017,0,'GMs'),(6090,100001,100019,0,'GMs'),(6091,100001,100021,0,'GMs'),(6092,100001,100013,0,'GMs'),(6093,100001,100025,0,'Default Group'),(6094,100001,100037,0,'GMs'),(6095,100001,100020,0,'GMs'),(6096,100001,100024,0,'GMs');
/*!40000 ALTER TABLE `buddies` ENABLE KEYS */;
UNLOCK TABLES;

--
-- Table structure for table `characters`
--

DROP TABLE IF EXISTS `characters`;
SET @saved_cs_client     = @@character_set_client;
SET character_set_client = utf8;
CREATE TABLE `characters` (
  `id` int(11) NOT NULL auto_increment,
  `name` varchar(13) NOT NULL default '',
  `banned` int(11) NOT NULL default '0',
  `loggedin` tinyint(1) NOT NULL default '0',
  `previousnames` varchar(255) NOT NULL default '',
  `ascensions` int(11) NOT NULL default '0',
  `rebirths` int(11) NOT NULL default '0',
  `totallevel` int(11) NOT NULL default '0',
  `maxstat` int(11) NOT NULL default '0',
  `totalrebirths` int(11) NOT NULL default '0',
  `chickencount` int(11) NOT NULL default '0',
  `totalmaxstat` int(11) NOT NULL default '0',
  `gm` int(11) NOT NULL default '0',
  `occupationid` tinyint(1) NOT NULL default '0',
  `occupationlevel` int(11) NOT NULL default '0',
  `occupationexp` int(11) NOT NULL default '0',
  `createdate` timestamp NOT NULL default CURRENT_TIMESTAMP,
  `level` int(11) NOT NULL default '0',
  `exp` int(11) NOT NULL default '0',
  `str` int(11) NOT NULL default '0',
  `dex` int(11) NOT NULL default '0',
  `luk` int(11) NOT NULL default '0',
  `int` int(11) NOT NULL default '0',
  `hp` int(11) NOT NULL default '0',
  `mp` int(11) NOT NULL default '0',
  `maxhp` int(11) NOT NULL default '0',
  `maxmp` int(11) NOT NULL default '0',
  `meso` int(11) NOT NULL default '0',
  `job` int(11) NOT NULL default '0',
  `skincolor` int(11) NOT NULL default '0',
  `gender` int(11) NOT NULL default '0',
  `fame` int(11) NOT NULL default '0',
  `hair` int(11) NOT NULL default '0',
  `face` int(11) NOT NULL default '0',
  `ap` int(11) NOT NULL default '0',
  `map` int(11) NOT NULL default '0',
  `spawnpoint` int(11) NOT NULL default '0',
  `party` int(11) NOT NULL default '0',
  `buddyCapacity` int(11) NOT NULL default '25',
  `guildid` int(10) NOT NULL default '0',
  `guildrank` int(10) NOT NULL default '5',
  `allianceRank` int(10) NOT NULL default '5',
  `ascensionid` int(11) NOT NULL default '-1',
  `pvpkills` int(11) NOT NULL default '0',
  `pvpdeaths` int(11) NOT NULL default '0',
  `monsterkills` int(11) NOT NULL default '0',
  `deaths` int(11) NOT NULL default '0',
  `autofeed` tinyint(1) NOT NULL default '0',
  `mountexp` int(11) NOT NULL default '0',
  `mountlevel` int(11) NOT NULL default '0',
  `mounttiredness` int(11) NOT NULL default '0',
  `nodchat` tinyint(1) NOT NULL default '0',
  `newnews` int(11) NOT NULL default '0',
  `jqtimer` bigint(11) NOT NULL default '0',
  `squadpoints` int(11) NOT NULL default '0',
  `lastsave` bigint(16) NOT NULL default '0',
  `dojopoints` int(11) NOT NULL default '0',
  `lastdojostage` int(11) NOT NULL default '0',
  `communitypoints` int(11) NOT NULL default '0',
  `wantamega` tinyint(1) NOT NULL default '0',
  `wantprefix` tinyint(1) NOT NULL default '0',
  `wantbprefix` tinyint(1) NOT NULL default '0',
  `prefix` text,
  `filteron` tinyint(1) NOT NULL default '0',
  `autoap` tinyint(1) NOT NULL default '0',
  `vacmultiply` tinyint(1) NOT NULL default '0',
  `mute` tinyint(1) NOT NULL default '0',
  `deathpenalty` int(11) NOT NULL default '0',
  `messengerid` int(10) NOT NULL default '0',
  `messengerposition` int(11) NOT NULL default '4',
  `apstorage` int(11) NOT NULL default '0',
  `occupationalert` tinyint(1) NOT NULL default '0',
  `extraclones` int(11) NOT NULL default '0',
  `engagedlevel` int(11) NOT NULL default '0',
  `engagedid` int(11) NOT NULL default '-1',
  `chickenrank` int(10) NOT NULL default '0',
  `occchickenrank` int(10) NOT NULL default '0',
  `rank` int(10) NOT NULL default '1',
  `rankMove` int(11) NOT NULL default '0',
  `jobRank` int(10) NOT NULL default '1',
  `jobRankMove` int(11) NOT NULL default '0',
  `starttime` bigint(16) NOT NULL default '0',
  `expincrease` int(11) NOT NULL default '0',
  `mesoincrease` int(11) NOT NULL default '0',
  `dropincrease` int(11) NOT NULL default '0',
  `bdropincrease` int(11) NOT NULL default '0',
  `cooldownlowering` int(11) NOT NULL default '0',
  `buffmultiplier` int(11) NOT NULL default '1',
  `petid1` int(11) NOT NULL default '-1',
  `petid2` int(11) NOT NULL default '-1',
  `petid3` int(11) NOT NULL default '-1',
  `collection` tinyint(1) default NULL,
  `chatroom` text NOT NULL,
  `accountid` int(11) NOT NULL default '0',
  `defaultaccountid` int(11) NOT NULL default '0',
  PRIMARY KEY  (`id`),
  KEY `accountid` (`accountid`),
  CONSTRAINT `character_ibfk_1` FOREIGN KEY (`accountid`) REFERENCES `accounts` (`id`) ON DELETE CASCADE
) ENGINE=InnoDB AUTO_INCREMENT=100042 DEFAULT CHARSET=latin1;
SET character_set_client = @saved_cs_client;

--
-- Dumping data for table `characters`
--

LOCK TABLES `characters` WRITE;
/*!40000 ALTER TABLE `characters` DISABLE KEYS */;
INSERT INTO `characters` VALUES (100001,'Sexy',0,0,'',0,0,121,0,0,4,0,1,2,10,0,'2010-05-14 14:35:47',255,0,4,32767,32767,32767,30000,30000,30000,30000,2147483647,2112,0,2,0,31220,21003,776,910000000,25,-1,255,0,5,5,-1,0,0,23158,0,0,24,1,68,0,0,0,0,1275736590978,2,0,5,0,0,0,'',0,0,0,0,0,0,0,0,1,0,0,-1,0,0,1,0,1,0,213789832,0,0,0,0,0,100,-1,-1,-1,1,'',1,1),(100002,'Karen',0,0,'',0,0,0,0,0,29977,0,1,1,1,0,'2010-05-14 15:11:16',200,0,32767,32767,500,32767,30000,30000,30000,30000,1331509350,2112,11,2,0,34057,21826,0,104040001,9,-1,255,0,5,5,-1,0,0,3488,1,0,0,0,11,0,0,0,0,1275736149813,0,0,0,0,0,0,'',0,0,0,0,0,0,0,0,1,0,0,-1,0,0,1,0,1,0,53747376,0,0,0,0,0,1,-1,-1,-1,0,'',2,2),(100003,'lKira',0,0,'',0,0,0,0,0,0,0,0,0,1,0,'2010-05-15 01:38:38',1,0,4,4,4,4,250,50,250,250,0,2000,2,0,0,30023,20401,0,0,0,-1,255,0,5,5,-1,0,0,0,0,0,0,0,0,0,1,0,0,1275058098518,0,0,0,0,0,0,'',0,0,0,0,0,0,0,0,1,0,0,-1,0,0,1,0,1,0,585346,0,0,0,0,0,1,-1,-1,-1,NULL,'',7,7),(100004,'ttttttt',0,0,'',0,0,0,0,0,0,0,0,0,1,0,'2010-05-15 07:59:45',1,0,12,5,4,4,250,250,250,250,0,1000,0,0,0,30030,20000,0,0,0,-1,255,0,5,5,-1,0,0,0,0,0,0,0,0,0,1,0,0,1273910393635,0,0,0,0,0,0,'',0,0,0,0,0,0,0,0,1,0,0,-1,0,0,1,0,1,0,0,0,0,0,0,0,1,-1,-1,-1,NULL,'',7,7),(100005,'100000000',0,0,'',0,0,0,0,0,0,0,0,99,1,0,'2010-05-16 09:39:49',255,0,10067,5,4,4,30000,30000,30000,30000,0,2112,0,0,0,30007,20002,0,910000001,0,-1,255,0,5,5,-1,0,0,2633,0,0,0,0,0,0,1,0,0,1274582919463,0,0,0,0,0,0,'',0,1,0,0,0,0,0,0,1,0,0,-1,0,0,1,0,1,0,237172,0,0,0,0,0,1,-1,-1,-1,NULL,'',7,7),(100007,'CupOfTeA .',0,0,'',0,1333333337,0,0,0,0,0,2,6,1,4,'2010-05-23 06:54:51',255,0,4,4,4,4,30000,30000,30000,30000,6862248,2112,3,2,13337,31347,21404,0,100000000,3,-1,255,0,5,5,-1,0,0,319,0,0,0,0,0,0,0,0,0,1275657627546,0,0,0,0,0,0,'',0,0,0,0,0,0,0,0,1,0,0,-1,0,0,1,0,1,0,9392327,0,0,0,0,0,1,-1,-1,-1,0,'',10,10),(100009,'Xero',0,0,'',0,0,0,0,0,0,0,2,9,1,0,'2010-05-27 07:02:32',255,0,32167,32167,32167,32167,30000,30000,30000,30000,0,2112,0,0,0,30337,20105,0,910000000,6,-1,255,0,5,5,-1,0,0,5,0,0,0,0,24,0,0,0,0,1275571037015,0,0,0,0,0,0,'',0,0,0,0,0,0,0,0,1,0,0,-1,0,0,1,0,1,0,3846930,0,0,0,0,0,1,-1,-1,-1,0,'',11,11),(100011,'Xenophyte',0,0,'',0,0,1,0,0,1,0,0,1,1,0,'2010-05-27 10:36:15',52,86542,4,4,4,263,9296,2599,9296,3356,4481280,230,1,0,0,30020,20100,5,20000,2,-1,255,0,5,5,-1,0,0,1762,4,0,0,0,0,0,0,0,0,1275649281421,0,0,0,0,0,0,'',0,0,0,0,0,0,0,0,1,0,0,-1,0,0,1,0,1,0,25144614,0,0,0,0,0,1,-1,-1,-1,0,'',14,14),(100012,'Remorse',0,0,'',0,0,0,0,0,0,0,2,1,1,0,'2010-05-27 13:32:25',200,0,12,5,4,4,30000,30000,30000,30000,3612360,2100,0,0,0,30020,20100,0,910000000,25,-1,255,0,5,5,-1,0,0,0,0,0,0,0,0,0,0,0,0,1275184652968,0,0,0,0,0,0,'',0,0,0,0,0,0,0,0,1,0,0,-1,0,0,1,0,1,0,1983256,0,0,0,0,0,1,-1,-1,-1,NULL,'',23,23),(100013,'Bubbles',0,0,'',0,0,0,0,0,1,0,2,2,1,0,'2010-05-27 19:36:06',200,0,12,5,4,4,30000,30000,30000,30000,2147483647,412,0,1,0,31613,21103,610,240060200,0,-1,255,0,5,5,-1,0,0,879,0,0,0,0,0,0,0,0,0,1275711223328,0,0,0,0,0,0,'Blossom and Buttercup and ',0,0,0,0,0,0,0,0,1,0,0,-1,0,0,1,0,1,0,5380877,0,0,0,0,0,1,-1,-1,-1,1,'',5,5),(100015,'SeniorRaj',0,0,'',0,0,0,0,0,0,0,1,2,10,0,'2010-05-28 01:08:37',200,0,12,5,4,4,30000,30000,30000,30000,211068950,422,1,0,0,30782,20605,995,910000003,1,-1,255,0,5,5,-1,0,0,2033,0,0,0,0,0,0,0,0,0,1275335885421,0,0,0,0,0,0,'Don\'t tame ',0,0,0,0,0,0,0,0,1,0,0,-1,0,0,1,0,1,0,10671718,0,0,0,0,0,1,-1,-1,-1,NULL,'',4,4),(100016,'AranRaj',0,0,'',0,0,0,0,0,0,0,0,0,1,0,'2010-05-28 05:18:56',1,0,12,5,4,4,250,250,250,250,0,2000,1,0,0,30020,20100,0,0,0,-1,255,0,5,5,-1,0,0,0,0,0,0,0,0,0,1,0,0,1275023936965,0,0,0,0,0,0,'',0,0,0,0,0,0,0,0,1,0,0,-1,0,0,1,0,1,0,0,0,0,0,0,0,1,-1,-1,-1,NULL,'',4,4),(100017,'Elektra',0,0,'',0,0,0,0,0,0,0,2,0,1,0,'2010-05-28 11:28:33',255,0,12,5,4,4,30000,30000,30000,30000,0,1411,5,2,0,34004,20015,0,0,0,-1,255,0,5,5,-1,0,0,0,0,0,0,0,0,0,0,0,0,1275735641211,0,0,0,0,0,0,'',0,0,0,0,0,0,0,0,1,0,0,-1,0,0,1,0,1,0,85245137,0,0,0,0,0,1,-1,-1,-1,0,'',3,3),(100018,'Peasant',0,0,'',0,0,0,0,0,0,0,0,0,1,0,'2010-05-28 16:09:19',1,0,12,5,4,4,250,250,250,250,0,2000,2,0,0,30030,20401,0,0,0,-1,255,0,5,5,-1,0,0,0,0,0,0,0,0,0,0,0,0,1275315822796,0,0,0,0,0,0,'',0,0,0,0,0,0,0,0,1,0,0,-1,0,0,1,0,1,0,349092,0,0,0,0,0,1,-1,-1,-1,NULL,'',25,25),(100019,'PizzaTheHutt',0,0,'',0,0,0,0,0,0,0,1,1,1,0,'2010-05-29 01:05:18',121,2565996,32767,32767,4,4,30000,30000,30000,30000,3840,910,0,0,0,30020,20000,5,280020001,1,-1,255,0,5,5,-1,0,0,588,0,0,0,0,0,0,0,0,0,1275707335937,0,0,0,0,0,0,'',0,0,0,0,0,0,0,0,1,0,0,-1,0,0,1,0,1,0,39088017,0,0,0,0,0,1,-1,-1,-1,0,'',26,26),(100020,'Untouchable',0,0,'',0,0,0,0,0,0,0,2,2,10,0,'2010-05-29 05:10:41',200,0,32767,32767,32767,32767,30000,30000,30000,30000,63000,910,0,2,0,34055,21104,45,211000001,2,-1,255,0,5,5,-1,0,0,72,0,0,0,0,0,0,1,0,0,1275660678765,0,0,0,0,0,0,'',0,0,0,0,0,0,0,0,1,0,0,-1,0,0,1,0,1,0,11956984,0,0,0,0,0,1,-1,-1,-1,0,'',20,20),(100021,'Starlicious',0,0,'',0,100,0,0,0,741,0,2,99,1,0,'2010-05-29 13:22:41',200,0,32767,32767,32767,32767,30000,30000,30000,30000,47505600,910,0,2,0,31943,21503,50,100000000,3,-1,255,0,5,5,-1,0,0,175,2,0,0,0,0,0,0,0,0,1275150032468,0,0,0,0,0,0,'',0,0,0,0,0,0,0,0,1,0,0,-1,0,0,1,0,1,0,7260719,0,0,0,0,0,1,-1,-1,-1,NULL,'',28,28),(100022,'Noob',0,0,'',0,0,35,0,0,2,0,0,0,1,0,'2010-05-29 13:27:48',36,0,12,5,4,4,0,1,3753,1856,0,510,3,0,0,30032,20002,175,30000,5,-1,255,0,5,5,-1,0,0,14,1,0,0,0,0,0,0,0,0,1275734653489,0,0,0,0,0,0,'',0,0,0,0,0,0,0,0,1,0,0,-1,0,0,1,0,1,0,9492409,0,0,0,0,0,1,-1,-1,-1,0,'',1,1),(100023,'Tuberculosis',0,0,'',0,0,0,0,0,0,0,0,0,1,0,'2010-05-29 13:28:15',1,0,12,5,4,4,250,250,250,250,0,0,0,1,0,31000,21000,0,0,0,-1,255,0,5,5,-1,0,0,0,0,0,0,0,0,0,0,0,0,1275139695906,0,0,0,0,0,0,'',0,0,0,0,0,0,0,0,1,0,0,-1,0,0,1,0,1,0,0,0,0,0,0,0,1,-1,-1,-1,NULL,'',1,1),(100024,'Joycesauce',0,0,'',0,0,13,0,0,0,0,2,99,1,0,'2010-05-30 03:46:25',14,2792,12,5,4,4,30000,30000,30000,30000,21000,910,0,2,0,34050,21326,65,100000000,1,-1,255,0,5,5,-1,0,0,10,0,0,0,0,0,0,0,0,0,1275706662859,0,0,0,0,0,0,'',0,0,0,0,0,0,0,0,1,0,0,-1,0,0,1,0,1,0,913422,0,0,0,0,0,1,-1,-1,-1,0,'',9,9),(100025,'Fatalzxc',0,0,'',0,0,0,0,0,798,0,2,6,10,0,'2010-05-30 13:29:29',200,0,112,5,4,4,30000,30000,30000,30000,30002780,2112,0,0,0,30050,20005,0,100000000,3,-1,255,0,5,5,-1,0,0,1891,0,0,0,0,0,0,0,0,0,1275736569401,4,0,10,0,0,0,'',0,0,0,0,0,0,0,0,1,2,0,-1,0,0,1,0,1,0,82904504,0,0,0,0,0,1,-1,-1,-1,1,'',30,30),(100026,'Pewpew',0,0,'',0,0,36,0,0,203,0,0,1,1,0,'2010-05-30 13:48:04',46,263692,187,40,4,4,2961,551,2961,797,147584747,2110,0,0,0,30032,20001,15,100000000,23,-1,255,0,5,5,-1,0,0,217,0,0,0,0,0,0,0,0,0,1275735816118,0,0,0,0,0,0,'',0,0,0,0,0,0,0,0,1,0,0,-1,0,0,1,0,1,0,12424345,0,0,0,0,0,1,-1,-1,-1,0,'',30,30),(100027,'asdfasf',0,0,'',0,0,0,0,0,0,0,0,0,1,0,'2010-05-30 19:08:58',1,0,12,5,4,4,250,250,250,250,0,2000,1,0,0,30027,20401,0,0,0,-1,255,0,5,5,-1,0,0,0,0,0,0,0,0,0,0,0,0,1275246538781,0,0,0,0,0,0,'',0,0,0,0,0,0,0,0,1,0,0,-1,0,0,1,0,1,0,0,0,0,0,0,0,1,-1,-1,-1,NULL,'',13,13),(100037,'Panny',0,0,'',0,0,18,0,0,0,0,1,99,1,0,'2010-06-02 10:48:19',200,0,57,5,49,4,30000,30000,30000,30000,0,910,0,0,0,33005,20305,0,100000000,19,-1,255,0,5,5,-1,0,0,26,0,0,0,0,1,0,0,0,0,1275721085236,0,0,0,0,0,0,'',0,0,0,0,0,0,0,0,1,0,0,-1,0,0,1,0,1,0,15339478,0,0,0,0,0,1,-1,-1,-1,0,'',27,27),(100038,'HEWSONSAUCE',0,0,'',0,0,232,0,0,2,0,3,7,1,300,'2010-06-05 01:10:41',200,0,1029,148,4,4,30000,30000,30000,30000,215527650,2112,10,2,0,34110,21801,0,100000000,25,-1,255,0,5,5,-1,0,0,886,0,0,0,0,0,0,0,0,0,1275736584133,0,0,0,0,0,0,'',0,0,0,0,0,0,0,0,1,0,0,-1,0,0,1,0,1,0,14151022,0,0,0,0,0,1,-1,-1,-1,0,'',12,12),(100040,'Khala',0,0,'',0,0,57,0,0,0,0,1,105,1,0,'2010-06-05 06:11:08',58,580156,277,25,4,4,30000,30000,30000,30000,9046800,2112,3,0,0,30050,20005,0,100000000,0,-1,255,0,5,5,-1,0,0,668,0,0,0,0,0,0,0,0,0,1275721558016,0,0,0,0,0,0,'',0,1,0,0,0,0,0,0,1,0,0,-1,0,0,1,0,1,0,1156853,0,0,0,0,0,1,-1,-1,-1,0,'',6,6),(100041,'trolled',0,0,'',0,0,31,0,0,4,0,0,7,1,15,'2010-06-05 10:55:29',32,84104,112,5,4,4,1529,329,1529,482,147483647,2110,0,0,0,33104,20401,55,100000000,14,-1,255,0,5,5,-1,0,0,123,0,0,0,0,0,0,0,0,0,1275736426382,0,0,0,0,0,0,'',0,0,0,0,0,0,0,0,1,0,0,-1,0,0,1,0,1,0,334314,0,0,0,0,0,1,-1,-1,-1,0,'',30,30);
/*!40000 ALTER TABLE `characters` ENABLE KEYS */;
UNLOCK TABLES;

--
-- Table structure for table `chatlog_donatorchat`
--

DROP TABLE IF EXISTS `chatlog_donatorchat`;
SET @saved_cs_client     = @@character_set_client;
SET character_set_client = utf8;
CREATE TABLE `chatlog_donatorchat` (
  `id` int(11) NOT NULL auto_increment,
  `cid` int(11) NOT NULL default '0',
  `chat` text NOT NULL,
  `when` timestamp NOT NULL default CURRENT_TIMESTAMP,
  PRIMARY KEY  (`id`)
) ENGINE=InnoDB DEFAULT CHARSET=latin1;
SET character_set_client = @saved_cs_client;

--
-- Dumping data for table `chatlog_donatorchat`
--

LOCK TABLES `chatlog_donatorchat` WRITE;
/*!40000 ALTER TABLE `chatlog_donatorchat` DISABLE KEYS */;
/*!40000 ALTER TABLE `chatlog_donatorchat` ENABLE KEYS */;
UNLOCK TABLES;

--
-- Table structure for table `chatlog_gmchat`
--

DROP TABLE IF EXISTS `chatlog_gmchat`;
SET @saved_cs_client     = @@character_set_client;
SET character_set_client = utf8;
CREATE TABLE `chatlog_gmchat` (
  `id` int(11) NOT NULL auto_increment,
  `cid` int(11) NOT NULL default '0',
  `chat` text NOT NULL,
  `when` timestamp NOT NULL default CURRENT_TIMESTAMP,
  PRIMARY KEY  (`id`)
) ENGINE=InnoDB DEFAULT CHARSET=latin1;
SET character_set_client = @saved_cs_client;

--
-- Dumping data for table `chatlog_gmchat`
--

LOCK TABLES `chatlog_gmchat` WRITE;
/*!40000 ALTER TABLE `chatlog_gmchat` DISABLE KEYS */;
/*!40000 ALTER TABLE `chatlog_gmchat` ENABLE KEYS */;
UNLOCK TABLES;

--
-- Table structure for table `chatlog_gmcommands`
--

DROP TABLE IF EXISTS `chatlog_gmcommands`;
SET @saved_cs_client     = @@character_set_client;
SET character_set_client = utf8;
CREATE TABLE `chatlog_gmcommands` (
  `id` int(11) NOT NULL auto_increment,
  `cid` int(11) NOT NULL default '0',
  `command` text NOT NULL,
  `when` timestamp NOT NULL default CURRENT_TIMESTAMP,
  PRIMARY KEY  (`id`)
) ENGINE=InnoDB AUTO_INCREMENT=2718 DEFAULT CHARSET=latin1;
SET character_set_client = @saved_cs_client;

--
-- Dumping data for table `chatlog_gmcommands`
--

LOCK TABLES `chatlog_gmcommands` WRITE;
/*!40000 ALTER TABLE `chatlog_gmcommands` DISABLE KEYS */;
INSERT INTO `chatlog_gmcommands` VALUES (1,100010,'!warp Sexy','2010-05-28 11:52:05'),(2,100010,'!warp Sexy','2010-05-28 11:52:05'),(3,100017,'!connected','2010-05-28 11:54:32'),(4,100010,'!online','2010-05-28 12:48:58'),(5,100010,'!spy alfred.','2010-05-28 12:48:58'),(6,100010,'!online','2010-05-28 13:18:30'),(7,100010,'!warp xenophyte','2010-05-28 13:18:31'),(8,100009,'!job 2112','2010-05-28 13:20:58'),(9,100009,'!say anyone on?','2010-05-28 13:22:12'),(10,100009,'!say online*','2010-05-28 13:22:12'),(11,100010,'!say hey wei jie','2010-05-28 13:22:12'),(12,100010,'!say combo works','2010-05-28 13:22:12'),(13,100009,'!level 255','2010-05-28 13:22:12'),(14,100009,'!say no it doesn\'t','2010-05-28 13:22:13'),(15,100010,'!say cp,e','2010-05-28 13:22:13'),(16,100009,'!sexy gm','2010-05-28 13:22:13'),(17,100010,'!say cp,e','2010-05-28 13:22:14'),(18,100010,'!say come*','2010-05-28 13:22:14'),(19,100009,'!say Eh i\'m aran but they stil dont let me get out of the map','2010-05-28 13:23:26'),(20,100010,'!say get an occupation?','2010-05-28 13:23:26'),(21,100010,'!warp xero','2010-05-28 13:23:26'),(22,100009,'!say i used !job 2112','2010-05-28 13:23:26'),(23,100009,'!say i used !job 2112','2010-05-28 13:23:26'),(24,100010,'!setoccupation xero 8','2010-05-28 13:23:27'),(25,100009,'!henesys','2010-05-28 13:24:39'),(26,100009,'!say lol no npc','2010-05-28 13:24:40'),(27,100010,'!say does combo work','2010-05-28 13:24:40'),(28,100010,'!say karen just gmed','2010-05-28 13:24:40'),(29,100010,'!say she said shell delete me','2010-05-28 13:24:40'),(30,100010,'!say when official release','2010-05-28 13:24:40'),(31,100009,'!say uh combo didn\'t work on alf\'s acc a few hours ago','2010-05-28 13:24:40'),(32,100010,'!say it worked for me moments ago','2010-05-28 13:24:40'),(33,100009,'!spawn 100100','2010-05-28 13:25:53'),(34,100009,'!say ok yea it works','2010-05-28 13:25:53'),(35,100010,'!warp xero','2010-05-28 13:27:07'),(36,100009,'!say brb supper','2010-05-28 13:27:08'),(37,100009,'!say balrog mount is awesome','2010-05-28 13:27:08'),(38,100010,'!connected','2010-05-28 13:34:30'),(39,100002,'!online','2010-05-28 13:58:27'),(40,100002,'!warp xenophyte','2010-05-28 13:58:28'),(41,100002,'!warp sexy','2010-05-28 13:59:41'),(42,100002,'!online','2010-05-28 13:59:41'),(43,100002,'!online','2010-05-28 14:02:09'),(44,100002,'!online','2010-05-28 14:03:23'),(45,100010,'!online','2010-05-28 14:11:19'),(46,100010,'!warp elektra','2010-05-28 14:11:20'),(47,100010,'!online','2010-05-28 14:12:33'),(48,100010,'!killall','2010-05-28 14:12:33'),(49,100010,'!killall','2010-05-28 14:13:47'),(50,100010,'!search bird','2010-05-28 14:18:42'),(51,100010,'!search pink bean','2010-05-28 14:22:24'),(52,100010,'!item 3010073','2010-05-28 14:22:24'),(53,100010,'!warp elektra','2010-05-28 14:22:24'),(54,100010,'!sexy gm','2010-05-28 14:23:38'),(55,100010,'!search pink bean','2010-05-28 14:23:38'),(56,100010,'!spawn 5000060','2010-05-28 14:23:38'),(57,100010,'!spawn 5000060','2010-05-28 14:23:38'),(58,100010,'!spawn 5000060','2010-05-28 14:23:38'),(59,100010,'!commandssearch pink','2010-05-28 14:23:38'),(60,100010,'!spawn 5000060','2010-05-28 14:24:52'),(61,100010,'!search female','2010-05-28 14:24:52'),(62,100010,'!search female boss','2010-05-28 14:24:52'),(63,100010,'!spawn 9400121','2010-05-28 14:24:52'),(64,100010,'!spawn 9400121','2010-05-28 14:26:06'),(65,100010,'!spawn 9400121','2010-05-28 14:26:06'),(66,100010,'!spawn 9400121','2010-05-28 14:26:06'),(67,100010,'!itemvac','2010-05-28 14:28:33'),(68,100010,'!warp elektra','2010-05-28 14:28:33'),(69,100010,'!online','2010-05-28 14:28:33'),(70,100010,'!kill elektra','2010-05-28 14:28:33'),(71,100017,'!COMMANDS','2010-05-28 15:31:07'),(72,100017,'!COMMANDS 17','2010-05-28 15:31:07'),(73,100010,'!connected','2010-05-28 18:28:20'),(74,100010,'!search female boss','2010-05-28 18:29:34'),(75,100010,'!spawn 9400121 5','2010-05-28 18:29:34'),(76,100010,'!spawn 9400121 5','2010-05-28 18:29:34'),(77,100010,'!spawn 9400121 5','2010-05-28 18:29:34'),(78,100010,'!itemvac','2010-05-28 18:34:29'),(79,100014,'!commands','2010-05-28 20:15:24'),(80,100014,'!commands 2','2010-05-28 20:15:24'),(81,100014,'!say anyone online?','2010-05-28 20:15:24'),(82,100014,'!commands','2010-05-28 20:15:24'),(83,100014,'!commands 2','2010-05-28 20:15:24'),(84,100014,'!commandssearch name','2010-05-28 20:15:24'),(85,100014,'!commandssearch change','2010-05-28 20:15:24'),(86,100002,'!online','2010-05-28 20:31:23'),(87,100002,'!warp rachiiee','2010-05-28 20:31:24'),(88,100002,'!warp rachiiee','2010-05-28 20:32:37'),(89,100002,'!removemap','2010-05-28 20:33:51'),(90,100002,'!remove lol,karen!','2010-05-28 20:33:51'),(91,100002,'!remove rachiiee','2010-05-28 20:33:52'),(92,100002,'!warp 1000000000','2010-05-28 20:33:52'),(93,100002,'!warp 100000000','2010-05-28 20:33:52'),(94,100014,'!henesys','2010-05-28 20:33:52'),(95,100002,'!warphere rachhiiee','2010-05-28 20:33:52'),(96,100002,'!warphere rachiiee','2010-05-28 20:33:52'),(97,100002,'!warp rachiiee','2010-05-28 20:33:53'),(98,100002,'!setoccupation Rachiiee 1','2010-05-28 20:33:53'),(99,100002,'!warp 100000000','2010-05-28 20:33:53'),(100,100002,'!warphere rachhiiee','2010-05-28 20:35:05'),(101,100002,'!warphere rachiiee','2010-05-28 20:35:05'),(102,100014,'!job 910','2010-05-28 20:35:05'),(103,100014,'!commandssearch nx','2010-05-28 20:36:19'),(104,100002,'!spawn 100100','2010-05-28 20:36:19'),(105,100002,'!spawn 100100','2010-05-28 20:36:19'),(106,100002,'!spawn 100100','2010-05-28 20:36:19'),(107,100002,'!spawn 100100','2010-05-28 20:37:33'),(108,100002,'!cleardrops','2010-05-28 20:37:33'),(109,100002,'!unstuck rachiiee','2010-05-28 20:41:14'),(110,100002,'!unstuck rachiiee','2010-05-28 20:42:28'),(111,100014,'!item','2010-05-28 20:42:28'),(112,100014,'!search jr. lucida hat','2010-05-28 20:43:42'),(113,100014,'!item 1001974','2010-05-28 20:43:42'),(114,100014,'!search blush','2010-05-28 20:43:42'),(115,100014,'!item 1012003','2010-05-28 20:43:42'),(116,100014,'!item 1012028','2010-05-28 20:43:42'),(117,100014,'!search jr. lucida hat','2010-05-28 20:43:42'),(118,100014,'!item 1002974','2010-05-28 20:43:43'),(119,100014,'!item brown aviator','2010-05-28 20:44:56'),(120,100014,'!search brown aviator','2010-05-28 20:44:56'),(121,100014,'!item 1022014','2010-05-28 20:44:56'),(122,100014,'!search napolean jacket','2010-05-28 20:44:56'),(123,100014,'!search napolean jacket','2010-05-28 20:44:56'),(124,100014,'!search napo','2010-05-28 20:44:56'),(125,100014,'!item 1042181','2010-05-28 20:44:56'),(126,100014,'!search bell-bottomed','2010-05-28 20:44:57'),(127,100014,'!Item 1062018','2010-05-28 20:44:57'),(128,100014,'!search white high top','2010-05-28 20:44:57'),(129,100014,'!item 1071026','2010-05-28 20:46:09'),(130,100014,'!search transparent gloves','2010-05-28 20:46:10'),(131,100014,'!item 1082102','2010-05-28 20:46:10'),(132,100014,'!search ghost weapon','2010-05-28 20:46:10'),(133,100014,'!item 1702246','2010-05-28 20:46:10'),(134,100014,'!search star tail','2010-05-28 20:46:11'),(135,100014,'!item 1102223','2010-05-28 20:46:11'),(136,100014,'!search pink bean','2010-05-28 20:47:23'),(137,100014,'!item 5000060','2010-05-28 20:47:24'),(138,100014,'!search chair','2010-05-28 20:49:51'),(139,100014,'!item 3010072','2010-05-28 20:49:51'),(140,100014,'!item 3010071','2010-05-28 20:49:51'),(141,100014,'!item 3010106','2010-05-28 20:49:51'),(142,100014,'!item 3012011','2010-05-28 20:49:51'),(143,100014,'!item 3010069','2010-05-28 20:49:52'),(144,100014,'!level 200','2010-05-28 20:51:05'),(145,100014,'!level 255','2010-05-28 20:51:05'),(146,100014,'!level 256','2010-05-28 20:51:05'),(147,100014,'!level 255','2010-05-28 20:51:05'),(148,100014,'!search chair','2010-05-28 20:52:19'),(149,100014,'!item 30120110','2010-05-28 20:52:19'),(150,100014,'!item 3012010','2010-05-28 20:52:19'),(151,100014,'!search job','2010-05-28 20:52:19'),(152,100014,'!search mounts','2010-05-28 20:52:19'),(153,100014,'!search mount','2010-05-28 20:52:19'),(154,100014,'!search theif job','2010-05-28 20:53:32'),(155,100014,'!search job','2010-05-28 20:53:33'),(156,100014,'!search theif','2010-05-28 20:53:33'),(157,100014,'!search skill','2010-05-28 20:53:33'),(158,100014,'!search skill flash','2010-05-28 20:53:33'),(159,100014,'!search skill jump','2010-05-28 20:53:33'),(160,100014,'!search skill combo','2010-05-28 20:53:33'),(161,100014,'!search flash jump','2010-05-28 20:53:33'),(162,100014,'!commandssearch skill','2010-05-28 20:54:46'),(163,100014,'!job 412','2010-05-28 20:54:46'),(164,100014,'!job 910','2010-05-28 20:54:46'),(165,100014,'!online','2010-05-28 22:17:52'),(166,100014,'!connected','2010-05-28 22:17:52'),(167,100014,'!commands','2010-05-28 22:17:52'),(168,100014,'!search magic scales','2010-05-28 22:17:52'),(169,100014,'!item 1812006','2010-05-28 22:17:53'),(170,100014,'!connected','2010-05-28 22:19:05'),(171,100014,'!warp sexy','2010-05-28 22:19:06'),(172,100014,'!level 255','2010-05-28 22:20:19'),(173,100014,'!job 144','2010-05-28 22:20:19'),(174,100014,'!job','2010-05-28 22:20:19'),(175,100014,'!job 140','2010-05-28 22:20:20'),(176,100014,'!job 160','2010-05-28 22:20:20'),(177,100014,'!job 150','2010-05-28 22:20:20'),(178,100014,'!job 120','2010-05-28 22:20:20'),(179,100014,'!job 400','2010-05-28 22:20:20'),(180,100014,'!job 410','2010-05-28 22:20:21'),(181,100014,'!job 440','2010-05-28 22:20:21'),(182,100014,'!job 430','2010-05-28 22:20:21'),(183,100014,'!job 420','2010-05-28 22:20:21'),(184,100014,'!job 420','2010-05-28 22:20:21'),(185,100014,'!job 410','2010-05-28 22:20:21'),(186,100014,'!job 412','2010-05-28 22:20:21'),(187,100014,'!job 412','2010-05-28 22:20:22'),(188,100014,'!commands 4','2010-05-28 22:22:47'),(189,100014,'!commands 5','2010-05-28 22:22:47'),(190,100014,'!commands 7','2010-05-28 22:22:47'),(191,100014,'!sexy','2010-05-28 22:22:47'),(192,100014,'!sexy casino','2010-05-28 22:24:01'),(193,100014,'!commandssearch ap','2010-05-28 22:25:15'),(194,100014,'!commandssearch stat','2010-05-28 22:25:15'),(195,100014,'!setmaxstatitems Rachiiee','2010-05-28 22:25:15'),(196,100014,'!setmaxstatitems Rachiiee Transparent glove','2010-05-28 22:25:15'),(197,100014,'!spy xero','2010-05-28 22:25:15'),(198,100014,'!rigstats rachiiee','2010-05-28 22:26:28'),(199,100014,'!rigstats','2010-05-28 22:26:28'),(200,100014,'!online','2010-05-28 22:26:29'),(201,100014,'!connected','2010-05-28 22:26:29'),(202,100014,'!search pink beans','2010-05-28 22:27:42'),(203,100014,'!search pinkbean','2010-05-28 22:27:42'),(204,100014,'!search pink bean','2010-05-28 22:27:43'),(205,100014,'!spawn 8820010','2010-05-28 22:27:43'),(206,100014,'!spawn 8820011','2010-05-28 22:27:43'),(207,100014,'!spawn 8820000','2010-05-28 22:27:43'),(208,100014,'!spawn 8820000','2010-05-28 22:27:43'),(209,100015,'!henesys lightraj','2010-05-28 23:56:18'),(210,100015,'!warp 1000000000','2010-05-28 23:57:32'),(211,100015,'!warp 100000000','2010-05-28 23:57:33'),(212,100019,'!say Who\'s on right now?','2010-05-29 01:17:31'),(213,100019,'!online','2010-05-29 01:18:45'),(214,100019,'!connected','2010-05-29 01:18:45'),(215,100019,'!job 1410','2010-05-29 01:18:45'),(216,100019,'!levelperson pizzathehutt 120','2010-05-29 01:18:46'),(217,100019,'!search2 map zakum','2010-05-29 01:19:59'),(218,100019,'!search2 map breath of','2010-05-29 01:35:59'),(219,100019,'!warp 280020000','2010-05-29 01:35:59'),(220,100019,'!job 421','2010-05-29 02:01:49'),(221,100019,'!job 422','2010-05-29 02:01:49'),(222,100019,'!spawn 9300166','2010-05-29 02:04:17'),(223,100014,'!connected','2010-05-29 02:05:31'),(224,100014,'!online','2010-05-29 02:05:31'),(225,100014,'!warp pizzathehutt','2010-05-29 02:05:31'),(226,100019,'!online','2010-05-29 02:06:45'),(227,100014,'!whosthere','2010-05-29 02:06:45'),(228,100014,'!warp sexy','2010-05-29 02:07:58'),(229,100014,'!search chair','2010-05-29 02:07:59'),(230,100014,'!item 3010106','2010-05-29 02:07:59'),(231,100014,'!warp xenophyte','2010-05-29 02:09:12'),(232,100014,'!connected','2010-05-29 02:09:12'),(233,100014,'!online','2010-05-29 02:09:13'),(234,100014,'!warp xenophyte','2010-05-29 02:09:13'),(235,100019,'!spawn 9100005','2010-05-29 02:11:40'),(236,100019,'!spawn 9100005','2010-05-29 02:11:40'),(237,100019,'!spawn 9100005','2010-05-29 02:11:40'),(238,100019,'!killall','2010-05-29 02:11:41'),(239,100019,'!spawn 9100005','2010-05-29 02:11:41'),(240,100019,'!killall','2010-05-29 02:11:41'),(241,100019,'!spawn 9300001','2010-05-29 02:12:54'),(242,100019,'!killall','2010-05-29 02:12:54'),(243,100019,'!spawn 9500001','2010-05-29 02:12:55'),(244,100019,'!cleardrops','2010-05-29 02:12:55'),(245,100014,'!warp pizzathehutt','2010-05-29 02:12:55'),(246,100014,'!job 414','2010-05-29 02:12:55'),(247,100019,'!spawn 9100003','2010-05-29 02:12:55'),(248,100014,'!job 900','2010-05-29 02:14:08'),(249,100014,'!job 910','2010-05-29 02:14:08'),(250,100014,'!warp sexy','2010-05-29 02:14:08'),(251,100014,'!Online','2010-05-29 02:14:08'),(252,100019,'!spawn 9100005','2010-05-29 02:15:21'),(253,100019,'!killall','2010-05-29 02:15:22'),(254,100019,'!spawn 9100005','2010-05-29 02:15:22'),(255,100014,'!warp xenophyte','2010-05-29 02:15:22'),(256,100014,'!warp sexy','2010-05-29 02:15:22'),(257,100019,'!spawn 9100005','2010-05-29 02:15:22'),(258,100019,'!killall','2010-05-29 02:15:22'),(259,100019,'!remove pizzathehutt','2010-05-29 02:15:22'),(260,100019,'!connected','2010-05-29 02:16:35'),(261,100014,'!online','2010-05-29 02:21:31'),(262,100014,'!connected','2010-05-29 02:21:31'),(263,100014,'!warp pizzathehutt','2010-05-29 02:21:31'),(264,100014,'!job 414','2010-05-29 02:21:31'),(265,100014,'!job 410','2010-05-29 02:21:31'),(266,100014,'!job 412','2010-05-29 02:21:31'),(267,100014,'!warp pizzathehutt','2010-05-29 02:21:31'),(268,100014,'!enableskills','2010-05-29 02:22:44'),(269,100014,'!disableskills','2010-05-29 02:22:45'),(270,100014,'!warp sexy','2010-05-29 02:22:45'),(271,100014,'!search racing car','2010-05-29 02:23:58'),(272,100014,'!item 1912029','2010-05-29 02:25:12'),(273,100014,'!item 1902036','2010-05-29 02:25:12'),(274,100014,'!search dragon','2010-05-29 02:26:26'),(275,100014,'!item hog','2010-05-29 02:26:26'),(276,100014,'!search hog','2010-05-29 02:26:26'),(277,100014,'!item 1902000','2010-05-29 02:26:26'),(278,100014,'!search hog saddle','2010-05-29 02:26:27'),(279,100014,'!search saddle','2010-05-29 02:26:27'),(280,100014,'!item 1912005','2010-05-29 02:27:40'),(281,100014,'!item 1912000','2010-05-29 02:27:40'),(282,100014,'!search silver wolf','2010-05-29 02:27:40'),(283,100014,'!item 1912011','2010-05-29 02:27:40'),(284,100014,'!search mount','2010-05-29 02:27:41'),(285,100014,'!search dragon mount','2010-05-29 02:27:41'),(286,100014,'!search tamed','2010-05-29 02:27:41'),(287,100019,'!spawn 9100005','2010-05-29 02:27:41'),(288,100014,'!search red dragon','2010-05-29 02:28:54'),(289,100019,'!killall','2010-05-29 02:28:54'),(290,100019,'!spawn 9100003','2010-05-29 02:28:54'),(291,100014,'!item 500003','2010-05-29 02:28:54'),(292,100014,'!item 5000031','2010-05-29 02:28:54'),(293,100014,'!warp pizzathehutt','2010-05-29 02:30:07'),(294,100014,'!warp pizzathehut','2010-05-29 02:30:08'),(295,100014,'!warp pizzathehutt','2010-05-29 02:30:08'),(296,100014,'!spawnpoint 1','2010-05-29 02:30:08'),(297,100014,'!spawnpoint 2','2010-05-29 02:30:08'),(298,100014,'!spawnpoint 0','2010-05-29 02:30:08'),(299,100014,'!warp pizzathehutt','2010-05-29 02:31:21'),(300,100014,'!search face','2010-05-29 02:31:21'),(301,100014,'!search ray','2010-05-29 02:31:22'),(302,100014,'!search ray emotion','2010-05-29 02:31:22'),(303,100014,'!search item ray','2010-05-29 02:32:35'),(304,100014,'!warp pizzathehutt','2010-05-29 02:33:49'),(305,100019,'!killall','2010-05-29 02:35:03'),(306,100019,'!spawn 9100005','2010-05-29 02:35:03'),(307,100014,'!warp sexy','2010-05-29 02:35:03'),(308,100019,'!killall','2010-05-29 02:38:44'),(309,100019,'!spawn 9100005','2010-05-29 02:43:40'),(310,100019,'!cc 2','2010-05-29 02:43:40'),(311,100019,'!online','2010-05-29 02:43:40'),(312,100019,'!connected','2010-05-29 02:43:40'),(313,100014,'!connected','2010-05-29 02:44:53'),(314,100014,'!warp pizzathehutt','2010-05-29 02:44:54'),(315,100014,'!warp sexy','2010-05-29 02:46:07'),(316,100014,'!whosthere','2010-05-29 02:46:08'),(317,100014,'!whosthere','2010-05-29 02:47:21'),(318,100014,'!warp xenophyte','2010-05-29 02:47:21'),(319,100014,'!whosthere','2010-05-29 02:48:35'),(320,100014,'!warp sexy','2010-05-29 02:49:49'),(321,100019,'!spawn 9100005','2010-05-29 02:49:49'),(322,100019,'!spawn 9100005','2010-05-29 02:49:49'),(323,100019,'!killall','2010-05-29 02:49:49'),(324,100019,'!spawn 9100005','2010-05-29 02:49:50'),(325,100019,'!spawn 9100005','2010-05-29 02:49:50'),(326,100014,'!job 910','2010-05-29 02:51:03'),(327,100014,'!search donator','2010-05-29 02:51:03'),(328,100014,'!search dona','2010-05-29 02:51:03'),(329,100014,'!commandssearch donat','2010-05-29 02:51:04'),(330,100014,'!setdonator Rachiiee','2010-05-29 02:52:16'),(331,100014,'!donatorpoints Rachiiee 133337','2010-05-29 02:52:17'),(332,100014,'!donatorpoints Rachiiee 133337','2010-05-29 02:52:17'),(333,100014,'!donatorpoints Rachiiee -133337','2010-05-29 02:52:17'),(334,100019,'!spawn 9300166','2010-05-29 02:52:17'),(335,100019,'!spawn 9300166','2010-05-29 02:52:17'),(336,100014,'!search pink bean','2010-05-29 02:52:17'),(337,100019,'!spawn 9100005','2010-05-29 02:53:30'),(338,100014,'!spawn 5000060','2010-05-29 02:53:30'),(339,100019,'!spawn 9100005','2010-05-29 02:53:31'),(340,100010,'!online','2010-05-29 02:53:31'),(341,100010,'!warp rachiiee','2010-05-29 02:53:31'),(342,100014,'!Item 5000060','2010-05-29 02:53:32'),(343,100014,'!spawn 5000060','2010-05-29 02:53:32'),(344,100019,'!spawn 9300166','2010-05-29 02:53:32'),(345,100015,'!warp 0','2010-05-29 02:53:32'),(346,100019,'!spawn 9100005','2010-05-29 02:53:33'),(347,100015,'!warp 1','2010-05-29 02:53:33'),(348,100015,'!warp 2','2010-05-29 02:53:33'),(349,100015,'!warp 3','2010-05-29 02:53:33'),(350,100015,'!warp 4','2010-05-29 02:53:33'),(351,100015,'!warp 10','2010-05-29 02:53:34'),(352,100015,'!warp 100','2010-05-29 02:53:34'),(353,100019,'!killall','2010-05-29 02:53:34'),(354,100014,'!job 2112','2010-05-29 02:53:34'),(355,100010,'!search female boss','2010-05-29 02:54:44'),(356,100019,'!spawnpoint 0','2010-05-29 02:54:44'),(357,100010,'!spawn 9400121','2010-05-29 02:54:44'),(358,100010,'!cleardrops','2010-05-29 02:54:45'),(359,100015,'!level 1','2010-05-29 02:54:45'),(360,100014,'!search blodd snowboard','2010-05-29 02:54:45'),(361,100014,'!search snow board','2010-05-29 02:55:58'),(362,100014,'!search blood','2010-05-29 02:55:58'),(363,100014,'!search blood snow','2010-05-29 02:55:58'),(364,100015,'!heal','2010-05-29 02:55:58'),(365,100014,'!item 1442017','2010-05-29 02:55:59'),(366,100015,'!cheaters','2010-05-29 02:55:59'),(367,100015,'!warp xenophyte','2010-05-29 02:55:59'),(368,100015,'!level 10','2010-05-29 02:55:59'),(369,100014,'!search pink bean','2010-05-29 02:56:00'),(370,100014,'!item 3010073','2010-05-29 02:57:12'),(371,100014,'!item 3010073','2010-05-29 02:57:12'),(372,100014,'!job 910','2010-05-29 02:57:12'),(373,100014,'!sexy tf','2010-05-29 02:57:12'),(374,100014,'!warp alfred','2010-05-29 02:58:26'),(375,100014,'!warp alfred.','2010-05-29 02:58:26'),(376,100014,'!warp alfred.','2010-05-29 02:58:26'),(377,100015,'!setoccupation','2010-05-29 02:58:26'),(378,100015,'!setoccupation raj 99','2010-05-29 02:58:26'),(379,100015,'!setoccupation lightraj 99','2010-05-29 02:58:26'),(380,100015,'!setoccupation lightraj 2','2010-05-29 02:58:26'),(381,100014,'!unstuck alfred.','2010-05-29 02:58:27'),(382,100014,'!unstuck alfred.','2010-05-29 02:59:39'),(383,100015,'!whosthere','2010-05-29 02:59:40'),(384,100019,'!online','2010-05-29 02:59:40'),(385,100019,'!connected','2010-05-29 02:59:40'),(386,100015,'!killall','2010-05-29 02:59:41'),(387,100015,'!cleardrops','2010-05-29 03:00:53'),(388,100014,'!online','2010-05-29 03:00:53'),(389,100014,'!warp lightraj','2010-05-29 03:00:54'),(390,100015,'!sexy gm','2010-05-29 03:00:54'),(391,100014,'!connected','2010-05-29 03:00:54'),(392,100015,'!warp 0','2010-05-29 03:00:54'),(393,100014,'!online','2010-05-29 03:00:55'),(394,100015,'!whosthere','2010-05-29 03:00:55'),(395,100014,'!search bob','2010-05-29 03:02:07'),(396,100014,'!spawn 9201074','2010-05-29 03:02:07'),(397,100014,'!spawn 9201074','2010-05-29 03:02:08'),(398,100014,'!item 9400551','2010-05-29 03:02:08'),(399,100014,'!spawn 9201074','2010-05-29 03:02:08'),(400,100014,'!spawn 9201074','2010-05-29 03:02:08'),(401,100015,'!whosthere','2010-05-29 03:02:08'),(402,100015,'!online','2010-05-29 03:02:09'),(403,100014,'!spawn 9270033','2010-05-29 03:02:09'),(404,100019,'!connected','2010-05-29 03:03:21'),(405,100014,'!whosthere','2010-05-29 03:03:21'),(406,100014,'!online','2010-05-29 03:04:35'),(407,100015,'!job 900','2010-05-29 03:04:35'),(408,100015,'!job 412','2010-05-29 03:04:35'),(409,100019,'!spawnpoint 0','2010-05-29 03:05:49'),(410,100015,'!warp pizzathehutt','2010-05-29 03:07:02'),(411,100015,'!spawnpoint 2','2010-05-29 03:08:16'),(412,100015,'!spawnpoint 1','2010-05-29 03:09:30'),(413,100015,'!cheaters','2010-05-29 03:09:30'),(414,100019,'!spawn 9100005','2010-05-29 03:13:12'),(415,100015,'!cheaters','2010-05-29 03:14:25'),(416,100019,'!spawn 9300166','2010-05-29 03:15:39'),(417,100019,'!spawn 9100005','2010-05-29 03:15:39'),(418,100014,'!warp lightraj','2010-05-29 03:15:40'),(419,100019,'!spawnpoint 0','2010-05-29 03:15:40'),(420,100015,'!cheaters','2010-05-29 03:15:40'),(421,100019,'!maprespawnoff','2010-05-29 03:16:53'),(422,100015,'!cheaters','2010-05-29 03:18:07'),(423,100015,'!notice b !ban elin_guide_woman godmode in jq and stalking raj','2010-05-29 03:21:48'),(424,100015,'!cheaters','2010-05-29 03:23:02'),(425,100014,'!connected','2010-05-29 03:25:30'),(426,100019,'!spawnpoint 0','2010-05-29 03:26:44'),(427,100019,'!say L>v83 hacks','2010-05-29 03:26:44'),(428,100015,'!say Same here. I search Gamekiller and nothing was found except bots','2010-05-29 03:26:44'),(429,100015,'!cheaters','2010-05-29 03:30:25'),(430,100015,'!say That\'s why I\'m searching','2010-05-29 03:32:53'),(431,100015,'!say Oliver whatcha testing?','2010-05-29 03:32:53'),(432,100019,'!say I might after these JQs are done...find hacks for me pl0x','2010-05-29 03:34:07'),(433,100015,'!say Kay Ian. xD','2010-05-29 03:34:07'),(434,100015,'!say Hey Oliver how much etc is out there...','2010-05-29 03:34:07'),(435,100019,'!say A LOT','2010-05-29 03:34:07'),(436,100015,'!say ...oh shi-','2010-05-29 03:34:08'),(437,100019,'!say I\'ve done these lists, they\'re not fun','2010-05-29 03:34:08'),(438,100015,'!say That seems impossible though. *shot*','2010-05-29 03:34:08'),(439,100015,'!say brb searching heks','2010-05-29 03:35:21'),(440,100015,'!say Ooh okay','2010-05-29 03:36:34'),(441,100019,'!say I\'ll do it','2010-05-29 03:36:35'),(442,100015,'!say Leave it to me.','2010-05-29 03:36:35'),(443,100019,'!say Or not','2010-05-29 03:36:35'),(444,100015,'!say ...Or not','2010-05-29 03:36:35'),(445,100015,'!say OKAY WE WILL SPLIT UP','2010-05-29 03:36:35'),(446,100019,'!say Quit copying me :(','2010-05-29 03:36:36'),(447,100015,'!say Who said I was? xD','2010-05-29 03:37:48'),(448,100019,'!say That works for me','2010-05-29 03:37:49'),(449,100015,'!cheaters','2010-05-29 03:37:49'),(450,100019,'!say And I said you was :P','2010-05-29 03:37:49'),(451,100015,'!search playground','2010-05-29 03:37:49'),(452,100015,'!warp 230010001','2010-05-29 03:37:49'),(453,100015,'!job 910','2010-05-29 03:37:49'),(454,100015,'!job 422','2010-05-29 03:37:49'),(455,100015,'!say Okay. I found out that monsters that attack back may error 38 you','2010-05-29 03:39:02'),(456,100015,'!killall','2010-05-29 03:39:02'),(457,100015,'!killall','2010-05-29 03:39:02'),(458,100015,'!killall','2010-05-29 03:39:03'),(459,100015,'!killall','2010-05-29 03:39:03'),(460,100015,'!setoccupationlevel seniorraj 10','2010-05-29 03:40:16'),(461,100015,'!killall','2010-05-29 03:40:16'),(462,100015,'!killall','2010-05-29 03:40:16'),(463,100015,'!killall','2010-05-29 03:40:17'),(464,100015,'!killall','2010-05-29 03:40:17'),(465,100015,'!itemvac','2010-05-29 03:40:17'),(466,100019,'!killall','2010-05-29 03:40:17'),(467,100015,'!say Hey Oliver. Are Stimulators needed for anything?','2010-05-29 03:40:17'),(468,100015,'!killall','2010-05-29 03:41:30'),(469,100015,'!killall','2010-05-29 03:41:30'),(470,100015,'!killall','2010-05-29 03:41:30'),(471,100015,'!killall','2010-05-29 03:41:30'),(472,100015,'!itemvac','2010-05-29 03:41:30'),(473,100015,'!setoccupation','2010-05-29 03:41:31'),(474,100015,'!say Hey Oliver. You might need to get the Arrow for Bow/Crossbow off','2010-05-29 03:43:57'),(475,100015,'!say the drop list.','2010-05-29 03:43:57'),(476,100015,'!clearslot use','2010-05-29 03:43:58'),(477,100015,'!killall','2010-05-29 03:43:58'),(478,100015,'!killall','2010-05-29 03:43:59'),(479,100015,'!killall','2010-05-29 03:43:59'),(480,100015,'!itemvac','2010-05-29 03:43:59'),(481,100015,'!killall','2010-05-29 03:45:11'),(482,100015,'!killall','2010-05-29 03:45:11'),(483,100015,'!killall','2010-05-29 03:45:12'),(484,100015,'!killall','2010-05-29 03:45:12'),(485,100015,'!killall','2010-05-29 03:45:12'),(486,100015,'!killall','2010-05-29 03:45:12'),(487,100015,'!killall','2010-05-29 03:45:12'),(488,100015,'!itemvac','2010-05-29 03:45:12'),(489,100015,'!clearslot eq','2010-05-29 03:46:25'),(490,100015,'!clearslot use','2010-05-29 03:46:25'),(491,100015,'!clearslot etc','2010-05-29 03:46:25'),(492,100015,'!rigstats','2010-05-29 03:46:25'),(493,100019,'!spawn 9100005','2010-05-29 03:46:26'),(494,100015,'!killall','2010-05-29 03:46:26'),(495,100019,'!spawn 9300166','2010-05-29 03:46:26'),(496,100015,'!killall','2010-05-29 03:46:26'),(497,100015,'!killall','2010-05-29 03:46:26'),(498,100015,'!killall','2010-05-29 03:46:26'),(499,100019,'!cc 1','2010-05-29 03:46:27'),(500,100015,'!itemvac','2010-05-29 03:47:39'),(501,100019,'!spawnpoint 1','2010-05-29 03:47:39'),(502,100019,'!spawnpoint 2','2010-05-29 03:47:40'),(503,100019,'!spawnpoint 0','2010-05-29 03:47:40'),(504,100015,'!killall','2010-05-29 03:47:40'),(505,100015,'!killall','2010-05-29 03:47:40'),(506,100019,'!cc 2','2010-05-29 03:47:40'),(507,100015,'!itemvac','2010-05-29 03:47:40'),(508,100019,'!cc 1','2010-05-29 03:47:41'),(509,100015,'!killall','2010-05-29 03:47:41'),(510,100015,'!killall','2010-05-29 03:47:41'),(511,100015,'!killall','2010-05-29 03:47:41'),(512,100015,'!killall','2010-05-29 03:47:41'),(513,100015,'!itemvac','2010-05-29 03:47:41'),(514,100019,'!warp 280020001','2010-05-29 03:48:53'),(515,100015,'!say Dang those arrows are annoying now','2010-05-29 03:48:53'),(516,100015,'!killall','2010-05-29 03:48:53'),(517,100015,'!killall','2010-05-29 03:48:53'),(518,100015,'!killall','2010-05-29 03:48:53'),(519,100015,'!itemvac','2010-05-29 03:48:54'),(520,100015,'!killall','2010-05-29 03:50:07'),(521,100015,'!killall','2010-05-29 03:50:07'),(522,100015,'!killall','2010-05-29 03:50:07'),(523,100015,'!killall','2010-05-29 03:50:07'),(524,100015,'!itemvac','2010-05-29 03:50:07'),(525,100015,'!droprate','2010-05-29 03:50:08'),(526,100015,'!killall','2010-05-29 03:51:20'),(527,100015,'!killall','2010-05-29 03:51:21'),(528,100015,'!killall','2010-05-29 03:51:21'),(529,100015,'!itemvac','2010-05-29 03:51:21'),(530,100015,'!warp 203000000','2010-05-29 03:51:21'),(531,100015,'!warp 230000000','2010-05-29 03:51:21'),(532,100015,'!killall','2010-05-29 03:52:34'),(533,100015,'!killall','2010-05-29 03:52:34'),(534,100015,'!killall','2010-05-29 03:52:35'),(535,100015,'!killall','2010-05-29 03:52:35'),(536,100015,'!itemvac','2010-05-29 03:52:36'),(537,100015,'!say Okay this is harder than I thought. Most of the useless items','2010-05-29 03:52:36'),(538,100015,'!say that I\'m trying to get is not dropping','2010-05-29 03:52:36'),(539,100015,'!killall','2010-05-29 03:53:48'),(540,100015,'!killall','2010-05-29 03:53:48'),(541,100015,'!killall','2010-05-29 03:53:48'),(542,100015,'!killall','2010-05-29 03:53:48'),(543,100015,'!killall','2010-05-29 03:53:49'),(544,100015,'!itemvac','2010-05-29 03:53:49'),(545,100019,'!say Ewww, there\'s a typing limit still','2010-05-29 03:53:49'),(546,100015,'!say yep. :(','2010-05-29 03:53:49'),(547,100019,'!say Just make sure you guys don\'t warp to me','2010-05-29 03:53:49'),(548,100019,'!say Because for some reason my changes aren\'t sticking','2010-05-29 03:53:49'),(549,100015,'!cheaters','2010-05-29 03:56:16'),(550,100015,'!killall','2010-05-29 03:59:57'),(551,100015,'!killall','2010-05-29 03:59:58'),(552,100015,'!killall','2010-05-29 03:59:58'),(553,100015,'!killall','2010-05-29 03:59:58'),(554,100015,'!itemvac','2010-05-29 03:59:58'),(555,100019,'!getcharinfo alfred.','2010-05-29 03:59:58'),(556,100015,'!cheaters','2010-05-29 04:02:25'),(557,100015,'!killall','2010-05-29 04:03:39'),(558,100015,'!killall','2010-05-29 04:03:39'),(559,100015,'!killall','2010-05-29 04:03:39'),(560,100015,'!itemvac','2010-05-29 04:03:40'),(561,100015,'!search neo-c','2010-05-29 04:04:53'),(562,100015,'!search neoc','2010-05-29 04:04:53'),(563,100015,'!search neo c','2010-05-29 04:04:53'),(564,100015,'!warp 240070600','2010-05-29 04:04:53'),(565,100015,'!killall','2010-05-29 04:04:53'),(566,100015,'!killall','2010-05-29 04:04:53'),(567,100015,'!killall','2010-05-29 04:04:53'),(568,100015,'!killall','2010-05-29 04:04:54'),(569,100015,'!itemvac','2010-05-29 04:04:54'),(570,100015,'!warp 240070800','2010-05-29 04:04:54'),(571,100015,'!warp 240070601','2010-05-29 04:06:07'),(572,100015,'!warp 240070602','2010-05-29 04:06:07'),(573,100013,'!sexy gm','2010-05-29 04:06:07'),(574,100015,'!warp 240070603','2010-05-29 04:06:07'),(575,100013,'!commands','2010-05-29 04:06:07'),(576,100015,'!killall','2010-05-29 04:06:07'),(577,100015,'!killall','2010-05-29 04:06:08'),(578,100015,'!killall','2010-05-29 04:06:08'),(579,100015,'!itemvac','2010-05-29 04:06:08'),(580,100013,'!setoccupation bubbles 2','2010-05-29 04:06:08'),(581,100015,'!cc 2','2010-05-29 04:06:08'),(582,100015,'!monsterdebug','2010-05-29 04:06:08'),(583,100013,'!sexy gm','2010-05-29 04:06:08'),(584,100015,'!killall','2010-05-29 04:06:09'),(585,100015,'!killall','2010-05-29 04:06:09'),(586,100015,'!killall','2010-05-29 04:06:09'),(587,100015,'!itemvac','2010-05-29 04:07:20'),(588,100013,'!say Lol, noone on?','2010-05-29 04:07:21'),(589,100015,'!say I am. L> heks','2010-05-29 04:07:21'),(590,100015,'!search nibelung','2010-05-29 04:07:21'),(591,100013,'!say Hey :3','2010-05-29 04:07:21'),(592,100013,'!say I have v83 heks 0_o','2010-05-29 04:07:21'),(593,100015,'!warp bubbles','2010-05-29 04:07:21'),(594,100013,'!say Private VIP GMS v83 heks','2010-05-29 04:07:22'),(595,100019,'!say JQ HEKS!?','2010-05-29 04:07:22'),(596,100015,'!spawn 8220013','2010-05-29 04:07:22'),(597,100013,'!say I got mouse fly 0_o','2010-05-29 04:07:22'),(598,100019,'!say Ewwww','2010-05-29 04:07:22'),(599,100015,'!healmap','2010-05-29 04:07:22'),(600,100015,'!healmap','2010-05-29 04:07:23'),(601,100015,'!healmap','2010-05-29 04:07:23'),(602,100015,'!healmap','2010-05-29 04:07:23'),(603,100015,'!healmap','2010-05-29 04:07:23'),(604,100015,'!healmap','2010-05-29 04:07:23'),(605,100015,'!healmap','2010-05-29 04:07:24'),(606,100015,'!healmap','2010-05-29 04:07:24'),(607,100015,'!healmap','2010-05-29 04:07:24'),(608,100015,'!healmap','2010-05-29 04:07:24'),(609,100015,'!healmap','2010-05-29 04:07:24'),(610,100015,'!healmap','2010-05-29 04:07:25'),(611,100015,'!healmap','2010-05-29 04:07:25'),(612,100015,'!healmap','2010-05-29 04:07:25'),(613,100015,'!healmap','2010-05-29 04:07:25'),(614,100015,'!healmap','2010-05-29 04:07:25'),(615,100015,'!healmap','2010-05-29 04:07:25'),(616,100015,'!healmap','2010-05-29 04:07:25'),(617,100019,'!say Godmode?','2010-05-29 04:07:26'),(618,100015,'!healmap','2010-05-29 04:07:26'),(619,100015,'!healmap','2010-05-29 04:07:26'),(620,100015,'!healmap','2010-05-29 04:07:26'),(621,100015,'!healmap','2010-05-29 04:07:26'),(622,100015,'!healmap','2010-05-29 04:07:26'),(623,100015,'!healmap','2010-05-29 04:07:26'),(624,100015,'!healmap','2010-05-29 04:07:26'),(625,100015,'!healmap','2010-05-29 04:07:27'),(626,100015,'!healmap','2010-05-29 04:07:27'),(627,100015,'!healmap','2010-05-29 04:07:27'),(628,100015,'!healmap','2010-05-29 04:07:27'),(629,100015,'!healmap','2010-05-29 04:07:27'),(630,100015,'!healmap','2010-05-29 04:07:27'),(631,100015,'!healmap','2010-05-29 04:07:27'),(632,100015,'!healmap','2010-05-29 04:07:27'),(633,100015,'!healmap','2010-05-29 04:07:28'),(634,100015,'!healmap','2010-05-29 04:07:28'),(635,100015,'!healmap','2010-05-29 04:07:28'),(636,100015,'!healmap','2010-05-29 04:07:28'),(637,100015,'!healmap','2010-05-29 04:07:28'),(638,100015,'!healmap','2010-05-29 04:07:28'),(639,100015,'!killall','2010-05-29 04:07:28'),(640,100015,'!killall','2010-05-29 04:07:28'),(641,100013,'!say 7 hit, 45 second, and LBGM','2010-05-29 04:07:28'),(642,100015,'!killall','2010-05-29 04:07:29'),(643,100013,'!rigstats','2010-05-29 04:08:34'),(644,100015,'!cleardrops','2010-05-29 04:08:34'),(645,100015,'!cleardrops','2010-05-29 04:08:35'),(646,100015,'!itemvac','2010-05-29 04:08:35'),(647,100019,'!say Mehh','2010-05-29 04:08:35'),(648,100013,'!search snail','2010-05-29 04:08:35'),(649,100015,'!say Wow I love Nibelung now','2010-05-29 04:08:36'),(650,100019,'!say Oh, Jamie, don\'t warp to me','2010-05-29 04:08:36'),(651,100013,'!spawn 100100 exp 21000000','2010-05-29 04:08:36'),(652,100015,'!say the big ship zapped Jamie to pieces','2010-05-29 04:08:37'),(653,100015,'!say xD','2010-05-29 04:08:37'),(654,100019,'!online','2010-05-29 04:09:48'),(655,100019,'!connected','2010-05-29 04:09:48'),(656,100015,'!cheaters','2010-05-29 04:09:48'),(657,100015,'!warp xenophyte','2010-05-29 04:09:49'),(658,100013,'!job 910','2010-05-29 04:09:49'),(659,100015,'!spawn 8220013','2010-05-29 04:09:49'),(660,100015,'!killall','2010-05-29 04:09:49'),(661,100015,'!killall','2010-05-29 04:09:49'),(662,100015,'!killall','2010-05-29 04:09:49'),(663,100013,'!search mother','2010-05-29 04:09:49'),(664,100015,'!killall','2010-05-29 04:09:50'),(665,100015,'!cleardrops','2010-05-29 04:09:50'),(666,100013,'!search ship','2010-05-29 04:09:50'),(667,100015,'!strip Xenophyte','2010-05-29 04:09:50'),(668,100015,'!heal Xenophyte','2010-05-29 04:09:50'),(669,100015,'!warp bubbles','2010-05-29 04:11:02'),(670,100013,'!warp 240070603','2010-05-29 04:11:02'),(671,100013,'!search year','2010-05-29 04:11:02'),(672,100013,'!warp 240070101','2010-05-29 04:11:03'),(673,100013,'!warp 240070101','2010-05-29 04:12:16'),(674,100013,'!Job 320','2010-05-29 04:12:16'),(675,100013,'!Job 220','2010-05-29 04:12:16'),(676,100013,'!Job 420','2010-05-29 04:12:16'),(677,100013,'!Job 422','2010-05-29 04:12:17'),(678,100015,'!say Ew. Flash Jump is not fully infinity','2010-05-29 04:12:17'),(679,100015,'!say Ew. Flash Jump is not fully infinite**','2010-05-29 04:12:17'),(680,100013,'!Job 412','2010-05-29 04:13:29'),(681,100013,'!say Just while climbing, not while falling.','2010-05-29 04:13:30'),(682,100013,'!say I mean, once you let go, you cant redo','2010-05-29 04:14:43'),(683,100015,'!say or reaching to the top','2010-05-29 04:14:44'),(684,100015,'!spawn 100100 15 Hp 1 Exp 2000000000','2010-05-29 04:15:57'),(685,100019,'!spawn 9300166','2010-05-29 04:15:57'),(686,100019,'!say WTF, I can\'t make mobs!?','2010-05-29 04:15:58'),(687,100015,'!itemvac','2010-05-29 04:15:58'),(688,100015,'!say You might want to get Oliver to remove the text filter','2010-05-29 04:17:11'),(689,100019,'!warp 280020001','2010-05-29 04:18:25'),(690,100019,'!warp 280020000','2010-05-29 04:19:39'),(691,100019,'!cc 2','2010-05-29 04:19:39'),(692,100019,'!online','2010-05-29 04:19:39'),(693,100015,'!cheaters','2010-05-29 04:19:40'),(694,100013,'!say Fuck?','2010-05-29 04:19:40'),(695,100013,'!say was that filtered?','2010-05-29 04:19:40'),(696,100015,'!say no.','2010-05-29 04:20:53'),(697,100015,'!say lol','2010-05-29 04:20:53'),(698,100015,'!say wait a minut','2010-05-29 04:20:53'),(699,100015,'!say if i said s hit filter','2010-05-29 04:20:53'),(700,100015,'!say okay nvm','2010-05-29 04:20:53'),(701,100013,'!say shit?','2010-05-29 04:20:53'),(702,100013,'!say Fuck?','2010-05-29 04:20:54'),(703,100015,'!say Oliver removed cuss and text filter','2010-05-29 04:20:54'),(704,100013,'!say Stupid fucking cock sucking cunts?','2010-05-29 04:20:54'),(705,100015,'!say aaaaaaaaaaaaaaaaaaaaaaaaaaaaaaaaaaaaaaaaaaaaaaaaaaaaaaaaaaaaaaaaa','2010-05-29 04:20:54'),(706,100015,'!say :D','2010-05-29 04:20:54'),(707,100013,'!say AAAAAAAAAAAAAAAAAAAAAAAAAAAAAAAAAAAAAAAAAAAAAAAAAAAAAAAAAAAAAAAAA','2010-05-29 04:20:55'),(708,100013,'!say There is a length limit?','2010-05-29 04:22:06'),(709,100015,'!say nope.','2010-05-29 04:22:07'),(710,100015,'!say ...','2010-05-29 04:22:07'),(711,100015,'!say wait nvm','2010-05-29 04:22:07'),(712,100015,'!say >_<','2010-05-29 04:22:07'),(713,100013,'!say AAAAAAAAAAAAAAAAAAAAAAAAAAAAAAAAAAAAAAAAAAAAAAAAAAAAAAAAAAAAAAAAA','2010-05-29 04:22:07'),(714,100013,'!say AAAAAAAAAAAAAAAAAAAAAAAAAAAAAAAAAAAAAAAAAAAAAAAAAAAAAAAAAAAAAAAAA','2010-05-29 04:22:07'),(715,100013,'!say AAAAAAAAAAAAAAAAAAAAAAAAAAAAAAAAAAAAAAAAAAAAAAAAAAAAAAAAAAAAAAAAA','2010-05-29 04:22:07'),(716,100013,'!say AAAAAAAAAAAAAAAAAAAAAAAAAAAAAAAAAAAAAAAAAAAAAAAAAAAAAAAAAAAAAAAAA','2010-05-29 04:22:08'),(717,100013,'!say Yeah, it cuts off.','2010-05-29 04:22:08'),(718,100015,'!say That sucks','2010-05-29 04:22:08'),(719,100013,'!say Yay, my hunter just got level 53','2010-05-29 04:23:20'),(720,100015,'!search nett','2010-05-29 04:23:20'),(721,100013,'!say So since the 5th of may, I\'ve made: 88 I/L, 86 Aran, 51 Cleric,','2010-05-29 04:23:21'),(722,100013,'!say 43 Aran, and 53 hunter.','2010-05-29 04:23:21'),(723,100015,'!say Level 141 I/L. Only.','2010-05-29 04:23:21'),(724,100015,'!say D:','2010-05-29 04:23:21'),(725,100013,'!SAY FUCK YOU TEXT LIMIT! DONT YOU DARE CUT ME OFF WHILE I SPEAK YOU S','2010-05-29 04:24:34'),(726,100015,'!say xDDD','2010-05-29 04:24:34'),(727,100013,'!SAY TUPID SON OF A BITCH!','2010-05-29 04:24:35'),(728,100015,'!say blah blah blah','2010-05-29 04:24:35'),(729,100015,'!say Elisha smiled and gave a seductive look to Marcus.  Would you','2010-05-29 04:24:35'),(730,100015,'!say like to learn about sex?','2010-05-29 04:24:35'),(731,100015,'!say damn quotes','2010-05-29 04:24:36'),(732,100015,'!say not working','2010-05-29 04:24:36'),(733,100015,'!search maple r','2010-05-29 04:27:02'),(734,100015,'!item 1003005','2010-05-29 04:27:02'),(735,100013,'!heal bubbles','2010-05-29 04:27:02'),(736,100015,'!clearslot eq','2010-05-29 04:27:02'),(737,100015,'!search shinjou','2010-05-29 04:28:16'),(738,100015,'!item 1902007','2010-05-29 04:28:16'),(739,100015,'!search saddle','2010-05-29 04:28:16'),(740,100015,'!item 1912000','2010-05-29 04:28:16'),(741,100015,'!item 1912005','2010-05-29 04:28:16'),(742,100013,'!job 210','2010-05-29 04:31:57'),(743,100013,'!job 422','2010-05-29 04:31:57'),(744,100015,'!strip Bubbles','2010-05-29 04:33:11'),(745,100013,'!search combo effect','2010-05-29 04:33:11'),(746,100013,'!search combo','2010-05-29 04:33:11'),(747,100013,'!item 1602007','2010-05-29 04:34:25'),(748,100013,'!job 122','2010-05-29 04:34:25'),(749,100015,'!spawn 100100 10','2010-05-29 04:35:39'),(750,100013,'!cleardrops','2010-05-29 04:36:52'),(751,100013,'!Killall','2010-05-29 04:36:53'),(752,100013,'!cleardrops','2010-05-29 04:36:53'),(753,100015,'!cleardrops','2010-05-29 04:36:53'),(754,100013,'!search brown puppy','2010-05-29 04:36:53'),(755,100013,'!item 5000001','2010-05-29 04:36:53'),(756,100013,'!search food','2010-05-29 04:36:54'),(757,100013,'!item 2120000 100','2010-05-29 04:36:54'),(758,100015,'!setprefix seniorraj Don\'t tame','2010-05-29 04:39:20'),(759,100015,'!setprefix Bubbles Blossom and Buttercup and','2010-05-29 04:39:20'),(760,100015,'!search lung','2010-05-29 04:41:48'),(761,100015,'!search2 mob lung','2010-05-29 04:41:48'),(762,100015,'!spawn 8220013','2010-05-29 04:41:48'),(763,100015,'!killall','2010-05-29 04:41:48'),(764,100015,'!cleardrops','2010-05-29 04:41:48'),(765,100015,'!spawn 8220013','2010-05-29 04:41:48'),(766,100015,'!cleardrops','2010-05-29 04:43:02'),(767,100015,'!search nibe','2010-05-29 04:44:15'),(768,100013,'!search overlord','2010-05-29 04:44:15'),(769,100013,'!spawn 7120106','2010-05-29 04:44:16'),(770,100013,'!search afterlord','2010-05-29 04:44:16'),(771,100013,'!spawn 8120102','2010-05-29 04:44:16'),(772,100015,'!monsterdebug','2010-05-29 04:44:16'),(773,100015,'!sexy gm','2010-05-29 04:44:17'),(774,100013,'!spawn 4000552','2010-05-29 04:44:17'),(775,100015,'!say Going afk','2010-05-29 04:44:17'),(776,100013,'!search nibul','2010-05-29 04:44:17'),(777,100013,'!search nib','2010-05-29 04:45:29'),(778,100013,'!spawn 8220013','2010-05-29 04:45:29'),(779,100013,'!cleardrops','2010-05-29 04:45:29'),(780,100015,'!say and','2010-05-29 04:45:29'),(781,100015,'!say Tell Ian to switch my name with spaces so it can be Senior Raj','2010-05-29 04:45:29'),(782,100013,'!warp seniorraj','2010-05-29 05:02:43'),(783,100015,'!connected','2010-05-29 05:49:18'),(784,100002,'!online','2010-05-29 09:08:46'),(785,100020,'!white off','2010-05-29 09:23:05'),(786,100020,'!kill untuchable','2010-05-29 09:25:33'),(787,100020,'!kill untouchable','2010-05-29 09:25:33'),(788,100020,'!warp sexy','2010-05-29 09:26:47'),(789,100020,'!job 100','2010-05-29 09:26:47'),(790,100020,'!level 69','2010-05-29 09:28:00'),(791,100020,'!job 200','2010-05-29 09:28:01'),(792,100020,'!job 300','2010-05-29 09:28:01'),(793,100020,'!job 400','2010-05-29 09:28:01'),(794,100020,'!job 410','2010-05-29 09:28:01'),(795,100020,'!job 412','2010-05-29 09:28:02'),(796,100020,'!warp sexy','2010-05-29 09:29:14'),(797,100020,'!search2 map henesys','2010-05-29 10:56:36'),(798,100020,'!warp 100000000','2010-05-29 10:56:36'),(799,100020,'!commandssearch occupation','2010-05-29 10:57:50'),(800,100020,'!setoccupation 1','2010-05-29 10:57:50'),(801,100020,'!setoccupation Untouchable 1','2010-05-29 10:57:50'),(802,100021,'!job 812','2010-05-29 13:37:54'),(803,100021,'!job 542','2010-05-29 13:37:54'),(804,100021,'!job 820','2010-05-29 13:39:08'),(805,100021,'!job 222','2010-05-29 13:40:22'),(806,100021,'!job 242','2010-05-29 13:40:22'),(807,100021,'!job 912','2010-05-29 13:40:22'),(808,100021,'!job 910','2010-05-29 13:40:23'),(809,100021,'!connected','2010-05-29 13:45:53'),(810,100021,'!flatsoda starlicious','2010-05-29 13:59:46'),(811,100021,'!flatsoda starlicious tranny','2010-05-29 13:59:46'),(812,100021,'!flatsoda starlicious Tranny','2010-05-29 14:01:00'),(813,100021,'!flatsoda starlicious 2','2010-05-29 14:01:00'),(814,100021,'!sexy gm','2010-05-29 14:14:32'),(815,100021,'!search chicken','2010-05-29 14:20:41'),(816,100021,'!item 4000252 1000','2010-05-29 14:20:41'),(817,100007,'!online','2010-05-29 14:26:51'),(818,100007,'!warp starlicious','2010-05-29 14:28:04'),(819,100007,'!spawn 100100','2010-05-29 14:28:04'),(820,100007,'!spawn 100100 10','2010-05-29 14:28:05'),(821,100007,'!item 3012005','2010-05-29 14:29:18'),(822,100007,'!drop 3010014','2010-05-29 14:29:19'),(823,100007,'!cleardrops','2010-05-29 14:29:19'),(824,100007,'!drop 3010009','2010-05-29 14:29:19'),(825,100007,'!drop 3010010','2010-05-29 14:29:19'),(826,100007,'!drop 3010011','2010-05-29 14:29:20'),(827,100007,'!drop 3010012','2010-05-29 14:29:20'),(828,100007,'!drop 3010013','2010-05-29 14:29:20'),(829,100007,'!drop 3010014','2010-05-29 14:29:21'),(830,100007,'!drop 3010015','2010-05-29 14:29:37'),(831,100007,'!drop 3010016','2010-05-29 14:29:37'),(832,100007,'!drop 3010017','2010-05-29 14:29:37'),(833,100007,'!drop 3010018','2010-05-29 14:29:37'),(834,100007,'!drop 3010019','2010-05-29 14:29:37'),(835,100007,'!drop 3010020','2010-05-29 14:30:32'),(836,100021,'!whosthere','2010-05-29 14:35:12'),(837,100007,'!online','2010-05-29 14:37:40'),(838,100007,'!warp starlicious','2010-05-29 14:37:40'),(839,100014,'!search chairs','2010-05-29 14:40:08'),(840,100014,'!search chair','2010-05-29 14:40:08'),(841,100007,'!drop 3010001','2010-05-29 14:41:21'),(842,100014,'!item 3010116 3010044 3010111 3012010 3012011 3010069','2010-05-29 14:41:21'),(843,100014,'!item 3010116 3010044 3010111 3012010 3012011 3010069','2010-05-29 14:41:22'),(844,100014,'!item 3010116','2010-05-29 14:41:22'),(845,100021,'!drop 3012011','2010-05-29 14:42:35'),(846,100014,'!search chicken','2010-05-29 14:42:36'),(847,100014,'!item 4000252 100','2010-05-29 14:42:36'),(848,100014,'!item 4000252 10000','2010-05-29 14:42:36'),(849,100014,'!item 4000252 100000','2010-05-29 14:42:36'),(850,100014,'!item 4000252 10000','2010-05-29 14:42:36'),(851,100014,'!item 4000252 10000','2010-05-29 14:43:49'),(852,100014,'!item 4000252 10000','2010-05-29 14:43:49'),(853,100014,'!item 4000252 10000','2010-05-29 14:43:50'),(854,100014,'!item 4000252 10000','2010-05-29 14:43:50'),(855,100014,'!item 4000252 10000','2010-05-29 14:43:50'),(856,100014,'!item 4000252 10000','2010-05-29 14:43:50'),(857,100014,'!item 4000252 10000','2010-05-29 14:43:50'),(858,100014,'!item 4000252 10000','2010-05-29 14:43:50'),(859,100014,'!item 4000252 10000','2010-05-29 14:43:50'),(860,100014,'!item 4000252 99999','2010-05-29 14:43:51'),(861,100014,'!item 4000252 9999','2010-05-29 14:43:51'),(862,100014,'!item 4000252 9999','2010-05-29 14:43:51'),(863,100014,'!item 4000252 99999','2010-05-29 14:43:52'),(864,100014,'!item 4000252 99990','2010-05-29 14:43:52'),(865,100014,'!item 4000252 99999','2010-05-29 14:43:52'),(866,100014,'!item 4000252 99999','2010-05-29 14:43:52'),(867,100014,'!item 4000252 99999','2010-05-29 14:43:52'),(868,100014,'!item 4000252 99999','2010-05-29 14:43:52'),(869,100014,'!item 4000252 99999','2010-05-29 14:43:52'),(870,100014,'!item 4000252 99999','2010-05-29 14:43:53'),(871,100014,'!item 4000252 99999','2010-05-29 14:43:53'),(872,100014,'!item 4000252 99999','2010-05-29 14:43:53'),(873,100014,'!item 4000252 99999','2010-05-29 14:43:53'),(874,100014,'!item 4000252 99999','2010-05-29 14:43:53'),(875,100014,'!item 4000252 99999','2010-05-29 14:43:53'),(876,100014,'!item 4000252 99999','2010-05-29 14:43:54'),(877,100014,'!item 4000252 99999','2010-05-29 14:43:54'),(878,100014,'!item 4000252 9999','2010-05-29 14:43:54'),(879,100014,'!item 4000252 9999','2010-05-29 14:43:54'),(880,100014,'!item 4000252 9999','2010-05-29 14:43:54'),(881,100014,'!item 4000252 9999','2010-05-29 14:43:54'),(882,100014,'!item 4000252 9999','2010-05-29 14:43:54'),(883,100014,'!item 4000252 9999','2010-05-29 14:43:54'),(884,100014,'!item 4000252 9999','2010-05-29 14:43:54'),(885,100014,'!item 4000252 9999','2010-05-29 14:43:55'),(886,100014,'!item 4000252 9999','2010-05-29 14:43:55'),(887,100014,'!item 4000252 9999','2010-05-29 14:43:55'),(888,100014,'!item 4000252 9999','2010-05-29 14:43:56'),(889,100014,'!item 4000252 9999','2010-05-29 14:43:56'),(890,100014,'!item 4000252 9999','2010-05-29 14:43:56'),(891,100014,'!item 4000252 9999','2010-05-29 14:43:56'),(892,100014,'!item 4000252 9999','2010-05-29 14:43:56'),(893,100014,'!item 4000252 9999','2010-05-29 14:43:56'),(894,100014,'!item 4000252 9999','2010-05-29 14:43:57'),(895,100007,'!warphere starlicious','2010-05-29 14:45:03'),(896,100007,'!torture','2010-05-29 14:51:12'),(897,100007,'!warp 103040000','2010-05-29 14:53:40'),(898,100007,'!warp 103040100','2010-05-29 14:54:54'),(899,100007,'!warp 103040101','2010-05-29 14:54:54'),(900,100007,'!warp 103040420','2010-05-29 14:54:54'),(901,100007,'!warp 103040450','2010-05-29 14:56:07'),(902,100007,'!sexy gm','2010-05-29 14:57:21'),(903,100007,'!henesys','2010-05-29 14:57:21'),(904,100007,'!warp 970000107','2010-05-29 14:58:35'),(905,100021,'!sexy gm','2010-05-29 14:58:35'),(906,100007,'!warp 130000000','2010-05-29 14:58:36'),(907,100007,'!drop 1101001','2010-05-29 14:58:36'),(908,100021,'!connected','2010-05-29 14:58:36'),(909,100007,'!drop 3010071','2010-05-29 14:58:36'),(910,100007,'!itemvac','2010-05-29 14:59:49'),(911,100007,'!item 3010071','2010-05-29 14:59:50'),(912,100007,'!warp 200090060','2010-05-29 15:01:03'),(913,100007,'!warp 140000000','2010-05-29 15:02:17'),(914,100021,'!connected','2010-05-29 15:02:17'),(915,100021,'!connected','2010-05-29 15:02:17'),(916,100021,'!connected','2010-05-29 15:03:30'),(917,100021,'!job 412','2010-05-29 15:04:44'),(918,100007,'!warp 140010000','2010-05-29 15:07:12'),(919,100007,'!drop 1001010','2010-05-29 15:12:07'),(920,100007,'!drop 1002484','2010-05-29 15:12:08'),(921,100007,'!drop 1003047','2010-05-29 15:12:08'),(922,100007,'!drop 1102229','2010-05-29 15:12:08'),(923,100021,'!connected','2010-05-29 15:13:21'),(924,100007,'!drop 1702113','2010-05-29 15:13:21'),(925,100021,'!level 70','2010-05-29 15:13:22'),(926,100007,'!drop 1442071','2010-05-29 15:14:35'),(927,100007,'!drop 1442072','2010-05-29 15:14:35'),(928,100007,'!drop 1442078','2010-05-29 15:14:35'),(929,100021,'!level 200','2010-05-29 15:14:35'),(930,100007,'!drop 1442000','2010-05-29 15:15:49'),(931,100007,'!drop 1442001','2010-05-29 15:15:49'),(932,100007,'!drop 1442103','2010-05-29 15:18:17'),(933,100007,'!drop 1452085','2010-05-29 15:18:17'),(934,100007,'!job 910','2010-05-29 15:18:17'),(935,100007,'!job 2112','2010-05-29 15:19:30'),(936,100007,'!job 2000','2010-05-29 15:20:44'),(937,100007,'!job 20100','2010-05-29 15:20:44'),(938,100007,'!job 2010','2010-05-29 15:20:45'),(939,100007,'!job 2100','2010-05-29 15:20:45'),(940,100007,'!job 2110','2010-05-29 15:20:45'),(941,100007,'!job 2111','2010-05-29 15:20:45'),(942,100007,'!job 2112','2010-05-29 15:20:46'),(943,100021,'!killall','2010-05-29 15:26:53'),(944,100021,'!item 1482013','2010-05-29 15:28:07'),(945,100021,'!item 9201030','2010-05-29 15:28:08'),(946,100021,'!item 9201030','2010-05-29 15:28:08'),(947,100021,'!item 12001003','2010-05-29 15:28:08'),(948,100021,'!item 1472030','2010-05-29 15:28:08'),(949,100021,'!item 2070016','2010-05-29 15:29:21'),(950,100021,'!item 2070016','2010-05-29 15:29:21'),(951,100021,'!item 2070016','2010-05-29 15:29:21'),(952,100021,'!item 2070016','2010-05-29 15:29:21'),(953,100021,'!item 2070016','2010-05-29 15:29:21'),(954,100012,'!warp 1000000000','2010-05-29 15:35:30'),(955,100012,'!warp 100000000','2010-05-29 15:35:31'),(956,100012,'!setoccupation 1','2010-05-29 15:35:31'),(957,100012,'!setoccupation Remorse 1','2010-05-29 15:35:32'),(958,100021,'!setstr 32000','2010-05-29 15:36:44'),(959,100021,'!setdex starlicious 32000','2010-05-29 15:36:45'),(960,100021,'!setluk 32000','2010-05-29 15:36:45'),(961,100021,'!setluk starlicious 32000','2010-05-29 15:36:45'),(962,100021,'!setrebirth starlicious 100','2010-05-29 15:37:58'),(963,100021,'!setstr starlicious 32767','2010-05-29 15:37:58'),(964,100021,'!setdex starlicious 32767','2010-05-29 15:37:58'),(965,100021,'!setint starlicious 32767','2010-05-29 15:37:59'),(966,100021,'!setluk starlicious 32767','2010-05-29 15:37:59'),(967,100012,'!levelperson Remorse 10','2010-05-29 15:38:18'),(968,100021,'!search boss','2010-05-29 15:55:23'),(969,100021,'!item 8820008','2010-05-29 15:55:23'),(970,100021,'!whosthere','2010-05-29 15:55:23'),(971,100021,'!job 910','2010-05-29 15:56:37'),(972,100021,'!search boss','2010-05-29 15:56:37'),(973,100021,'!search for mob boss','2010-05-29 15:56:37'),(974,100021,'!search2 mob boss','2010-05-29 15:56:38'),(975,100021,'!spawn 9420549','2010-05-29 15:56:38'),(976,100021,'!item 4006001 1000','2010-05-29 15:57:50'),(977,100021,'!Killall','2010-05-29 15:57:51'),(978,100021,'!whosthere','2010-05-29 15:59:04'),(979,100021,'!job 412','2010-05-29 15:59:04'),(980,100021,'!whosthere','2010-05-29 16:00:18'),(981,100021,'!job 910','2010-05-29 16:00:18'),(982,100021,'!warp 2000900000','2010-05-29 16:04:00'),(983,100021,'!warp 200090000','2010-05-29 16:04:00'),(984,100021,'!warp 200090001','2010-05-29 16:04:00'),(985,100021,'!warp 200090002','2010-05-29 16:04:00'),(986,100021,'!warp 200090003','2010-05-29 16:04:01'),(987,100021,'!warp 200090050','2010-05-29 16:04:01'),(988,100021,'!warp 200090052','2010-05-29 16:04:01'),(989,100021,'!warp 200090055','2010-05-29 16:04:01'),(990,100021,'!warp 900000000','2010-05-29 16:05:13'),(991,100021,'!warp 200090052','2010-05-29 16:05:14'),(992,100021,'!warp 200090052','2010-05-29 16:05:14'),(993,100021,'!warp 200090052','2010-05-29 16:05:14'),(994,100021,'!warp 200090052','2010-05-29 16:05:14'),(995,100021,'!warp 200090052','2010-05-29 16:05:15'),(996,100021,'!item 4032179','2010-05-29 16:05:15'),(997,100021,'!warp 1300000000','2010-05-29 16:05:15'),(998,100021,'!warp 130000000','2010-05-29 16:05:15'),(999,100021,'!warp 1400000000','2010-05-29 16:06:27'),(1000,100021,'!warp 140000000','2010-05-29 16:06:27'),(1001,100021,'!warp 140020300','2010-05-29 16:10:09'),(1002,100021,'!warp 140030000','2010-05-29 16:12:36'),(1003,100021,'!warp 140030001','2010-05-29 16:12:37'),(1004,100021,'!warp 140030002','2010-05-29 16:12:37'),(1005,100021,'!warp 140032000','2010-05-29 16:15:04'),(1006,100021,'!warp 140031000','2010-05-29 16:15:04'),(1007,100021,'!sexy gm','2010-05-29 16:19:59'),(1008,100021,'!henesys','2010-05-29 16:20:00'),(1009,100014,'!search shell','2010-05-29 17:36:17'),(1010,100014,'!item','2010-05-29 17:36:17'),(1011,100014,'!sexy','2010-05-29 17:37:31'),(1012,100014,'!sexy chocoboc','2010-05-29 17:37:31'),(1013,100014,'!sexy gm','2010-05-29 17:37:31'),(1014,100014,'!sexy tf','2010-05-29 17:37:31'),(1015,100014,'!kill rachiiee','2010-05-29 17:37:32'),(1016,100014,'!heal rachiiee','2010-05-29 17:37:32'),(1017,100014,'!spawn zakum','2010-05-29 17:38:45'),(1018,100014,'!commandssearch spawn','2010-05-29 17:38:45'),(1019,100014,'!beef','2010-05-29 17:38:45'),(1020,100014,'!tree','2010-05-29 17:38:45'),(1021,100014,'!stones','2010-05-29 17:38:46'),(1022,100014,'!boogieblast 10','2010-05-29 17:39:59'),(1023,100014,'!killall','2010-05-29 17:39:59'),(1024,100014,'!spawn shark','2010-05-29 17:39:59'),(1025,100014,'!shark','2010-05-29 17:39:59'),(1026,100014,'!boogieblast','2010-05-29 17:39:59'),(1027,100014,'!boogieblast','2010-05-29 17:39:59'),(1028,100014,'!itemvac','2010-05-29 17:41:12'),(1029,100014,'!search item pouch','2010-05-29 19:27:02'),(1030,100014,'!item 1812001','2010-05-29 19:27:02'),(1031,100014,'!search meso magnet','2010-05-29 19:27:03'),(1032,100014,'!item 1812000','2010-05-29 19:27:03'),(1033,100014,'!item 1812002','2010-05-29 19:27:03'),(1034,100014,'!item 1812003','2010-05-29 19:27:04'),(1035,100014,'!item 1812004','2010-05-29 19:27:04'),(1036,100014,'!item 1812005','2010-05-29 19:27:04'),(1037,100014,'!item 1812006','2010-05-29 19:27:04'),(1038,100014,'!item 1812007','2010-05-29 19:27:05'),(1039,100014,'!item 1812008','2010-05-29 19:27:05'),(1040,100014,'!item 1812008','2010-05-29 19:27:05'),(1041,100014,'!search snail','2010-05-29 19:28:16'),(1042,100014,'!spawn 5000054','2010-05-29 19:28:16'),(1043,100014,'!spawn 5000054','2010-05-29 19:29:30'),(1044,100014,'!search2 mob snail','2010-05-29 19:29:30'),(1045,100014,'!spawn 9500144','2010-05-29 19:29:30'),(1046,100014,'!spawn 9500144','2010-05-29 19:29:31'),(1047,100014,'!connected','2010-05-29 19:31:58'),(1048,100014,'!online','2010-05-29 19:31:58'),(1049,100019,'!connected','2010-05-29 20:37:11'),(1050,100019,'!spawn 9100003','2010-05-29 20:48:15'),(1051,100019,'!warp 280020000','2010-05-29 20:51:57'),(1052,100019,'!killall','2010-05-29 20:51:57'),(1053,100019,'!spawn 9100003','2010-05-29 20:51:57'),(1054,100019,'!spawn 9100003','2010-05-29 20:51:58'),(1055,100019,'!killall','2010-05-29 20:51:58'),(1056,100019,'!warp 280020001','2010-05-29 20:51:58'),(1057,100019,'!spawn 9100003','2010-05-29 20:53:11'),(1058,100019,'!spawn 9100004','2010-05-29 20:53:11'),(1059,100019,'!spawn 9100003','2010-05-29 20:53:11'),(1060,100019,'!connected','2010-05-29 20:54:25'),(1061,100015,'!online','2010-05-29 22:37:47'),(1062,100015,'!connected','2010-05-29 22:37:47'),(1063,100002,'!online','2010-05-29 22:42:42'),(1064,100002,'!warp seniorraj','2010-05-29 22:42:42'),(1065,100015,'!connected','2010-05-29 22:59:56'),(1066,100015,'!connected','2010-05-29 23:03:37'),(1067,100015,'!search neo c','2010-05-29 23:04:51'),(1068,100015,'!spawn 240070200','2010-05-29 23:04:51'),(1069,100015,'!warp 240070200','2010-05-29 23:04:52'),(1070,100015,'!killall','2010-05-29 23:04:52'),(1071,100015,'!cleardrops','2010-05-29 23:04:52'),(1072,100015,'!warp 240070300','2010-05-29 23:06:05'),(1073,100015,'!search neo c','2010-05-29 23:07:19'),(1074,100015,'!warp 240070400','2010-05-29 23:07:19'),(1075,100015,'!warp 240070500','2010-05-29 23:08:33'),(1076,100015,'!warp 240070600','2010-05-29 23:08:33'),(1077,100015,'!warp 240070700','2010-05-29 23:08:33'),(1078,100015,'!warp 240070604','2010-05-29 23:09:46'),(1079,100015,'!cleardrops','2010-05-29 23:09:47'),(1080,100015,'!warp 240070504','2010-05-29 23:09:47'),(1081,100015,'!monsterdebug','2010-05-29 23:09:47'),(1082,100015,'!warp 240070404','2010-05-29 23:09:47'),(1083,100015,'!warp 240070304','2010-05-29 23:11:00'),(1084,100015,'!warp 240070204','2010-05-29 23:11:00'),(1085,100015,'!monsterdebug','2010-05-29 23:11:01'),(1086,100015,'!warp 240070104','2010-05-29 23:11:01'),(1087,100015,'!sexy gm','2010-05-29 23:12:14'),(1088,100015,'!connected','2010-05-30 01:43:12'),(1089,100015,'!monsterdebug','2010-05-30 01:43:13'),(1090,100015,'!killall','2010-05-30 01:43:13'),(1091,100015,'!killall','2010-05-30 01:43:13'),(1092,100015,'!cleardrops','2010-05-30 01:44:26'),(1093,100019,'!connected','2010-05-30 01:56:44'),(1094,100019,'!online','2010-05-30 01:56:44'),(1095,100012,'!say So who\'s on? ;o','2010-05-30 01:57:58'),(1096,100012,'!levelperson Remorse 200','2010-05-30 01:57:58'),(1097,100019,'!connected','2010-05-30 02:00:26'),(1098,100019,'!warp 68002000','2010-05-30 02:00:26'),(1099,100019,'!warp 68000200','2010-05-30 02:00:26'),(1100,100019,'!search2 map chimney','2010-05-30 02:00:26'),(1101,100019,'!warp 682000200','2010-05-30 02:00:26'),(1102,100019,'!drop 4000000','2010-05-30 02:01:40'),(1103,100019,'!drop 4000001','2010-05-30 02:01:40'),(1104,100019,'!drop 4000002','2010-05-30 02:02:53'),(1105,100019,'!drop 4000003','2010-05-30 02:02:54'),(1106,100019,'!drop 4000004','2010-05-30 02:02:54'),(1107,100019,'!drop 4000005','2010-05-30 02:02:54'),(1108,100019,'!drop 4000006','2010-05-30 02:02:55'),(1109,100019,'!drop 4000007','2010-05-30 02:02:55'),(1110,100019,'!drop 4000008','2010-05-30 02:02:55'),(1111,100019,'!drop 4000009','2010-05-30 02:02:55'),(1112,100019,'!drop 4000010','2010-05-30 02:02:55'),(1113,100019,'!drop 4000011','2010-05-30 02:02:55'),(1114,100019,'!drop 4000012','2010-05-30 02:02:55'),(1115,100019,'!drop 4000013','2010-05-30 02:02:56'),(1116,100019,'!drop 4000014','2010-05-30 02:02:56'),(1117,100019,'!drop 4000015','2010-05-30 02:02:56'),(1118,100019,'!drop 4000016','2010-05-30 02:02:56'),(1119,100019,'!drop 4000017','2010-05-30 02:02:56'),(1120,100019,'!drop 4000018','2010-05-30 02:02:57'),(1121,100019,'!drop 4000019','2010-05-30 02:02:57'),(1122,100019,'!drop 4000020','2010-05-30 02:02:57'),(1123,100019,'!drop 4000021','2010-05-30 02:02:57'),(1124,100019,'!drop 4000022','2010-05-30 02:02:57'),(1125,100019,'!drop 4000023','2010-05-30 02:02:57'),(1126,100019,'!drop 4000024','2010-05-30 02:02:57'),(1127,100019,'!drop 4000025','2010-05-30 02:02:57'),(1128,100019,'!drop 4000025','2010-05-30 02:02:58'),(1129,100019,'!drop 4000026','2010-05-30 02:02:58'),(1130,100019,'!drop 4000027','2010-05-30 02:02:58'),(1131,100019,'!drop 4000028','2010-05-30 02:02:58'),(1132,100019,'!drop 4000029','2010-05-30 02:02:58'),(1133,100019,'!drop 4000030','2010-05-30 02:02:58'),(1134,100019,'!drop 4000031','2010-05-30 02:02:58'),(1135,100019,'!drop 4000032','2010-05-30 02:02:58'),(1136,100019,'!drop 4000033','2010-05-30 02:02:58'),(1137,100019,'!drop 4000034','2010-05-30 02:02:59'),(1138,100019,'!drop 4000035','2010-05-30 02:04:07'),(1139,100019,'!drop 4000036','2010-05-30 02:04:07'),(1140,100019,'!drop 4000035','2010-05-30 02:04:08'),(1141,100019,'!drop 4000037','2010-05-30 02:04:08'),(1142,100019,'!drop 4000038','2010-05-30 02:04:08'),(1143,100019,'!drop 4000039','2010-05-30 02:04:08'),(1144,100019,'!drop 4000038','2010-05-30 02:04:09'),(1145,100019,'!drop 4000040','2010-05-30 02:04:09'),(1146,100019,'!drop 4000041','2010-05-30 02:04:09'),(1147,100019,'!drop 4000042','2010-05-30 02:04:09'),(1148,100019,'!drop 4000043','2010-05-30 02:04:09'),(1149,100019,'!drop 4000044','2010-05-30 02:04:09'),(1150,100019,'!drop 4000045','2010-05-30 02:04:09'),(1151,100019,'!drop 4000046','2010-05-30 02:04:10'),(1152,100019,'!drop 4000047','2010-05-30 02:04:10'),(1153,100019,'!drop 4000048','2010-05-30 02:04:10'),(1154,100019,'!drop 4000047','2010-05-30 02:05:21'),(1155,100019,'!search2 map land of wild boar','2010-05-30 02:07:49'),(1156,100019,'!warp 101030001','2010-05-30 02:07:49'),(1157,100019,'!killall','2010-05-30 02:09:03'),(1158,100019,'!connected','2010-05-30 03:32:43'),(1159,100019,'!warp 682000200','2010-05-30 03:32:43'),(1160,100019,'!drop 4000049','2010-05-30 03:32:44'),(1161,100019,'!drop 4000050','2010-05-30 03:32:44'),(1162,100019,'!drop 4000051','2010-05-30 03:32:44'),(1163,100019,'!drop 4000052','2010-05-30 03:32:44'),(1164,100019,'!drop 4000053','2010-05-30 03:32:44'),(1165,100019,'!drop 4000054','2010-05-30 03:32:44'),(1166,100019,'!drop 4000055','2010-05-30 03:32:44'),(1167,100019,'!drop 4000056','2010-05-30 03:32:45'),(1168,100019,'!drop 4000057','2010-05-30 03:32:45'),(1169,100019,'!drop 4000058','2010-05-30 03:32:45'),(1170,100019,'!drop 4000059','2010-05-30 03:32:46'),(1171,100019,'!drop 4000060','2010-05-30 03:32:46'),(1172,100019,'!drop 4000061','2010-05-30 03:32:46'),(1173,100019,'!drop 4000062','2010-05-30 03:32:46'),(1174,100019,'!drop 4000063','2010-05-30 03:32:47'),(1175,100019,'!drop 4000064','2010-05-30 03:32:47'),(1176,100019,'!drop 4000065','2010-05-30 03:32:47'),(1177,100019,'!drop 4000066','2010-05-30 03:33:57'),(1178,100019,'!drop 4000066','2010-05-30 03:33:57'),(1179,100019,'!drop 4000067','2010-05-30 03:33:57'),(1180,100019,'!drop 4000065','2010-05-30 03:33:57'),(1181,100019,'!drop 4000066','2010-05-30 03:33:57'),(1182,100019,'!drop 4000067','2010-05-30 03:33:57'),(1183,100019,'!drop 4000068','2010-05-30 03:33:57'),(1184,100019,'!drop 4000069','2010-05-30 03:33:58'),(1185,100019,'!drop 4000070','2010-05-30 03:33:58'),(1186,100019,'!drop 4000071','2010-05-30 03:33:58'),(1187,100019,'!drop 4000072','2010-05-30 03:33:58'),(1188,100019,'!drop 4000073','2010-05-30 03:33:58'),(1189,100019,'!drop 4000074','2010-05-30 03:33:58'),(1190,100019,'!drop 4000075','2010-05-30 03:33:59'),(1191,100019,'!drop 4000076','2010-05-30 03:33:59'),(1192,100019,'!drop 4000077','2010-05-30 03:33:59'),(1193,100019,'!drop 4000078','2010-05-30 03:33:59'),(1194,100019,'!drop 4000079','2010-05-30 03:33:59'),(1195,100019,'!drop 4000080','2010-05-30 03:33:59'),(1196,100019,'!drop 4000081','2010-05-30 03:34:00'),(1197,100019,'!drop 4000082','2010-05-30 03:34:00'),(1198,100019,'!drop 4000083','2010-05-30 03:34:00'),(1199,100019,'!drop 4000084','2010-05-30 03:34:00'),(1200,100019,'!drop 4000084','2010-05-30 03:34:01'),(1201,100019,'!drop 4000085','2010-05-30 03:34:01'),(1202,100019,'!drop 4000086','2010-05-30 03:34:01'),(1203,100019,'!drop 4000087','2010-05-30 03:34:01'),(1204,100019,'!drop 4000088','2010-05-30 03:34:01'),(1205,100019,'!drop 4000089','2010-05-30 03:34:01'),(1206,100019,'!drop 4000090','2010-05-30 03:34:02'),(1207,100019,'!drop 4000091','2010-05-30 03:34:02'),(1208,100019,'!drop 4000092','2010-05-30 03:34:02'),(1209,100019,'!drop 4000093','2010-05-30 03:34:02'),(1210,100019,'!drop 4000094','2010-05-30 03:34:02'),(1211,100019,'!drop 4000095','2010-05-30 03:34:03'),(1212,100019,'!drop 4000096','2010-05-30 03:34:03'),(1213,100019,'!drop 4000097','2010-05-30 03:34:03'),(1214,100019,'!drop 4000098','2010-05-30 03:34:03'),(1215,100019,'!drop 4000099','2010-05-30 03:34:03'),(1216,100019,'!drop 4000100','2010-05-30 03:34:03'),(1217,100019,'!drop 4000101','2010-05-30 03:35:11'),(1218,100019,'!drop 4000102','2010-05-30 03:35:11'),(1219,100019,'!drop 4000103','2010-05-30 03:35:11'),(1220,100019,'!drop 4000104','2010-05-30 03:35:11'),(1221,100019,'!drop 4000105','2010-05-30 03:35:11'),(1222,100019,'!drop 4000104','2010-05-30 03:35:11'),(1223,100019,'!drop 4000104','2010-05-30 03:35:11'),(1224,100019,'!drop 4000105','2010-05-30 03:35:11'),(1225,100019,'!connected','2010-05-30 03:35:11'),(1226,100019,'!getcharinfo deus','2010-05-30 03:36:25'),(1227,100014,'!connected','2010-05-30 03:46:15'),(1228,100014,'!search2 map','2010-05-30 03:46:16'),(1229,100014,'!search2 map breath lava','2010-05-30 03:47:29'),(1230,100014,'!search2 map breath','2010-05-30 03:47:29'),(1231,100014,'!warp 280020000','2010-05-30 03:47:30'),(1232,100014,'!warp pizzathehutt','2010-05-30 03:48:43'),(1233,100019,'!drop 4000102','2010-05-30 03:49:57'),(1234,100019,'!drop 4000103','2010-05-30 03:49:57'),(1235,100019,'!drop 4000104','2010-05-30 03:49:58'),(1236,100019,'!drop 4000105','2010-05-30 03:49:58'),(1237,100019,'!drop 4000106','2010-05-30 03:49:58'),(1238,100019,'!drop 4000107','2010-05-30 03:49:58'),(1239,100019,'!drop 4000108','2010-05-30 03:49:58'),(1240,100019,'!drop 4000109','2010-05-30 03:49:58'),(1241,100019,'!drop 4000110','2010-05-30 03:49:58'),(1242,100019,'!drop 4000111','2010-05-30 03:49:58'),(1243,100019,'!drop 4000112','2010-05-30 03:49:59'),(1244,100019,'!drop 4000113','2010-05-30 03:49:59'),(1245,100019,'!drop 4000114','2010-05-30 03:49:59'),(1246,100019,'!drop 4000115','2010-05-30 03:51:11'),(1247,100019,'!drop 4000116','2010-05-30 03:51:11'),(1248,100019,'!drop 4000117','2010-05-30 03:51:11'),(1249,100019,'!drop 4000118','2010-05-30 03:51:11'),(1250,100019,'!drop 4000119','2010-05-30 03:51:11'),(1251,100019,'!drop 400012-','2010-05-30 03:51:12'),(1252,100019,'!drop 4000120','2010-05-30 03:51:12'),(1253,100019,'!drop 4000121','2010-05-30 03:51:12'),(1254,100019,'!drop 4000122','2010-05-30 03:51:13'),(1255,100019,'!drop 4000123','2010-05-30 03:51:13'),(1256,100019,'!drop 4000124','2010-05-30 03:51:13'),(1257,100019,'!drop 4000125','2010-05-30 03:51:14'),(1258,100019,'!drop 4000126','2010-05-30 03:51:14'),(1259,100019,'!drop 4000127','2010-05-30 03:51:14'),(1260,100019,'!drop 4000128','2010-05-30 03:51:14'),(1261,100019,'!drop 4000129','2010-05-30 03:51:15'),(1262,100019,'!drop 400013-','2010-05-30 03:51:15'),(1263,100019,'!drop 4000130','2010-05-30 03:51:15'),(1264,100019,'!drop 4000131','2010-05-30 03:51:15'),(1265,100019,'!drop 4000132','2010-05-30 03:51:15'),(1266,100019,'!drop 4000133','2010-05-30 03:51:15'),(1267,100019,'!drop 4000134','2010-05-30 03:52:25'),(1268,100019,'!drop 4000135','2010-05-30 03:52:25'),(1269,100019,'!drop 4000136','2010-05-30 03:52:25'),(1270,100019,'!drop 4000137','2010-05-30 03:52:25'),(1271,100019,'!drop 4000138','2010-05-30 03:52:26'),(1272,100019,'!drop 4000139','2010-05-30 03:52:26'),(1273,100019,'!drop 4000136','2010-05-30 03:52:26'),(1274,100019,'!drop 4000137','2010-05-30 03:52:26'),(1275,100019,'!drop 4000138','2010-05-30 03:52:26'),(1276,100019,'!drop 4000139','2010-05-30 03:52:26'),(1277,100019,'!drop 4000139','2010-05-30 03:52:26'),(1278,100019,'!drop 400014-','2010-05-30 03:52:27'),(1279,100019,'!drop 4000140','2010-05-30 03:52:27'),(1280,100019,'!drop 4000141','2010-05-30 03:52:27'),(1281,100019,'!drop 4000142','2010-05-30 03:52:27'),(1282,100019,'!drop 4000141','2010-05-30 03:52:27'),(1283,100019,'!drop 4000143','2010-05-30 03:52:27'),(1284,100019,'!drop 4000142','2010-05-30 03:52:28'),(1285,100019,'!drop 4000144','2010-05-30 03:52:28'),(1286,100019,'!drop 4000145','2010-05-30 03:52:28'),(1287,100019,'!drop 4000146','2010-05-30 03:53:38'),(1288,100019,'!drop 4000146','2010-05-30 03:53:39'),(1289,100019,'!drop 4000147','2010-05-30 03:53:39'),(1290,100019,'!drop 4000148','2010-05-30 03:53:39'),(1291,100019,'!drop 4000149','2010-05-30 03:53:39'),(1292,100019,'!drop 4000150','2010-05-30 03:53:39'),(1293,100019,'!drop 4000151','2010-05-30 03:53:40'),(1294,100019,'!drop 4000152','2010-05-30 03:53:40'),(1295,100019,'!drop 4000153','2010-05-30 03:53:40'),(1296,100019,'!drop 4000154','2010-05-30 03:53:40'),(1297,100019,'!drop 4000155','2010-05-30 03:53:40'),(1298,100019,'!drop 4000155','2010-05-30 03:53:40'),(1299,100019,'!drop 4000156','2010-05-30 03:53:40'),(1300,100019,'!drop 4000157','2010-05-30 03:53:41'),(1301,100019,'!drop 4000158','2010-05-30 03:53:41'),(1302,100019,'!drop 4000159','2010-05-30 03:53:41'),(1303,100019,'!drop 4000160','2010-05-30 03:53:42'),(1304,100019,'!drop 4000161','2010-05-30 03:53:42'),(1305,100019,'!drop 4000162','2010-05-30 03:53:42'),(1306,100019,'!drop 4000163','2010-05-30 03:53:43'),(1307,100019,'!drop 4000164','2010-05-30 03:53:43'),(1308,100019,'!drop 4000165','2010-05-30 03:53:43'),(1309,100019,'!drop 4000166','2010-05-30 03:53:43'),(1310,100019,'!drop 4000167','2010-05-30 03:53:43'),(1311,100019,'!drop 4000168','2010-05-30 03:53:43'),(1312,100019,'!drop 4000169','2010-05-30 03:53:43'),(1313,100019,'!drop 4000170','2010-05-30 03:53:43'),(1314,100019,'!drop 4000171','2010-05-30 03:53:44'),(1315,100019,'!drop 4000172','2010-05-30 03:53:44'),(1316,100019,'!drop 4000173','2010-05-30 03:53:44'),(1317,100019,'!drop 4000174','2010-05-30 03:53:44'),(1318,100019,'!drop 4000175','2010-05-30 03:54:52'),(1319,100019,'!drop 4000175','2010-05-30 03:54:52'),(1320,100019,'!drop 4000176','2010-05-30 03:54:53'),(1321,100019,'!drop 4000177','2010-05-30 03:54:53'),(1322,100019,'!drop 4000178','2010-05-30 03:54:53'),(1323,100019,'!drop 4000179','2010-05-30 03:54:53'),(1324,100019,'!drop 4000178','2010-05-30 03:54:54'),(1325,100019,'!drop 4000180','2010-05-30 03:54:54'),(1326,100019,'!drop 4000181','2010-05-30 03:54:55'),(1327,100019,'!drop 4000182','2010-05-30 03:54:55'),(1328,100019,'!drop 4000183','2010-05-30 03:54:55'),(1329,100019,'!drop 4000182','2010-05-30 03:54:55'),(1330,100019,'!drop 4000183','2010-05-30 03:54:55'),(1331,100019,'!drop 4000184','2010-05-30 03:54:55'),(1332,100019,'!drop 4000185','2010-05-30 03:54:55'),(1333,100019,'!drop 4000186','2010-05-30 03:56:06'),(1334,100019,'!drop 4000187','2010-05-30 03:56:06'),(1335,100019,'!drop 4000187','2010-05-30 03:56:07'),(1336,100019,'!drop 4000188','2010-05-30 03:56:07'),(1337,100019,'!drop 4000189','2010-05-30 03:56:07'),(1338,100019,'!drop 4000190','2010-05-30 03:56:07'),(1339,100019,'!drop 4000191','2010-05-30 03:56:07'),(1340,100019,'!drop 4000192','2010-05-30 03:56:08'),(1341,100019,'!drop 4000191','2010-05-30 03:56:08'),(1342,100019,'!drop 4000193','2010-05-30 03:56:08'),(1343,100019,'!drop 4000194','2010-05-30 03:56:09'),(1344,100019,'!drop 4000195','2010-05-30 03:56:09'),(1345,100019,'!drop 4000196','2010-05-30 03:56:09'),(1346,100019,'!drop 4000197','2010-05-30 03:56:09'),(1347,100019,'!drop 4000198','2010-05-30 03:56:10'),(1348,100019,'!drop 4000199','2010-05-30 03:56:10'),(1349,100019,'!drop 4000200','2010-05-30 03:56:10'),(1350,100019,'!drop 4000201','2010-05-30 03:56:10'),(1351,100019,'!drop 4000202','2010-05-30 03:56:10'),(1352,100019,'!drop 4000203','2010-05-30 03:56:10'),(1353,100019,'!drop 4000203','2010-05-30 03:56:11'),(1354,100019,'!drop 4000205','2010-05-30 03:57:20'),(1355,100019,'!drop 4000206','2010-05-30 03:57:20'),(1356,100019,'!drop 4000207','2010-05-30 03:57:20'),(1357,100019,'!drop 4000208','2010-05-30 03:57:20'),(1358,100019,'!drop 4000209','2010-05-30 03:57:21'),(1359,100019,'!drop 4000210','2010-05-30 03:57:21'),(1360,100019,'!drop 4000211','2010-05-30 03:57:21'),(1361,100019,'!drop 4000212','2010-05-30 03:57:22'),(1362,100019,'!drop 4000213','2010-05-30 03:57:22'),(1363,100019,'!drop 4000214','2010-05-30 03:57:23'),(1364,100019,'!drop 4000215','2010-05-30 03:57:23'),(1365,100019,'!drop 4000216','2010-05-30 03:57:23'),(1366,100019,'!drop 4000217','2010-05-30 03:57:23'),(1367,100019,'!drop 4000218','2010-05-30 03:57:23'),(1368,100019,'!drop 4000219','2010-05-30 03:57:23'),(1369,100019,'!drop 4000220','2010-05-30 03:57:23'),(1370,100014,'!search2 map','2010-05-30 03:57:24'),(1371,100019,'!drop 4000221','2010-05-30 03:57:24'),(1372,100019,'!drop 4000222','2010-05-30 03:57:24'),(1373,100014,'!search2 map black map','2010-05-30 03:57:24'),(1374,100014,'!search2 map black','2010-05-30 03:57:24'),(1375,100019,'!drop 4000220','2010-05-30 03:57:24'),(1376,100014,'!warp 914000500','2010-05-30 03:57:25'),(1377,100019,'!drop 4000223','2010-05-30 03:57:25'),(1378,100019,'!drop 4000224','2010-05-30 03:57:25'),(1379,100019,'!drop 4000225','2010-05-30 03:58:34'),(1380,100019,'!drop 4000226','2010-05-30 03:58:34'),(1381,100019,'!drop 4000226','2010-05-30 03:58:34'),(1382,100019,'!drop 4000227','2010-05-30 03:58:35'),(1383,100019,'!drop 4000228','2010-05-30 03:58:35'),(1384,100014,'!warp ian','2010-05-30 03:58:35'),(1385,100019,'!drop 4000229','2010-05-30 03:58:36'),(1386,100014,'!warp pizzathehutt','2010-05-30 03:58:36'),(1387,100019,'!drop 4000228','2010-05-30 03:58:36'),(1388,100019,'!job 910','2010-05-30 03:58:36'),(1389,100014,'!search2 map black','2010-05-30 03:58:36'),(1390,100019,'!search2 mob rash','2010-05-30 03:58:36'),(1391,100019,'!spawn 7130500 10','2010-05-30 03:58:37'),(1392,100019,'!killall','2010-05-30 03:59:48'),(1393,100019,'!killall','2010-05-30 03:59:48'),(1394,100014,'!warp 924010000','2010-05-30 03:59:48'),(1395,100014,'!warp 924010010','2010-05-30 03:59:48'),(1396,100019,'!setstr pizzathehutt 32767','2010-05-30 03:59:48'),(1397,100014,'!warp 92401010','2010-05-30 03:59:48'),(1398,100019,'!setdex pizzathehutt 32767','2010-05-30 03:59:49'),(1399,100014,'!warp 9240100','2010-05-30 03:59:49'),(1400,100014,'!warp 924010100','2010-05-30 03:59:49'),(1401,100014,'!warp 924010200','2010-05-30 03:59:49'),(1402,100019,'!spawn 7130500 10','2010-05-30 03:59:49'),(1403,100014,'!warp pizzathehutt','2010-05-30 03:59:50'),(1404,100019,'!search2 mob yeti','2010-05-30 04:07:11'),(1405,100019,'!search2 mob snail','2010-05-30 04:08:24'),(1406,100019,'!spawn 130101 10','2010-05-30 04:08:25'),(1407,100014,'!boogieblast','2010-05-30 04:12:06'),(1408,100014,'!commandssearch occupation','2010-05-30 04:13:20'),(1409,100014,'!setoccupation rachiiee 910','2010-05-30 04:14:34'),(1410,100014,'!setoccupation rachiiee 1','2010-05-30 04:14:34'),(1411,100014,'!setoccupation rachiiee 2','2010-05-30 04:14:34'),(1412,100014,'!setoccupation rachiiee 3','2010-05-30 04:14:34'),(1413,100014,'!setoccupation rachiiee 8','2010-05-30 04:14:35'),(1414,100014,'!setoccupation rachiiee 9','2010-05-30 04:14:35'),(1415,100014,'!setoccupation rachiiee 10','2010-05-30 04:14:35'),(1416,100014,'!setoccupation rachiiee 11','2010-05-30 04:14:35'),(1417,100014,'!setoccupation rachiiee 4','2010-05-30 04:14:36'),(1418,100014,'!setoccupation rachiiee 5','2010-05-30 04:14:36'),(1419,100014,'!setoccupation rachiiee 6','2010-05-30 04:14:36'),(1420,100014,'!setoccupation rachiiee 7','2010-05-30 04:14:36'),(1421,100014,'!setoccupation rachiiee 8','2010-05-30 04:14:36'),(1422,100014,'!setoccupation rachiiee 9','2010-05-30 04:14:37'),(1423,100014,'!setoccupation rachiiee 910','2010-05-30 04:14:37'),(1424,100014,'!setoccupation rachiiee 10','2010-05-30 04:14:37'),(1425,100014,'!setoccupation rachiiee 11','2010-05-30 04:14:37'),(1426,100014,'!setoccupation rachiiee 12','2010-05-30 04:14:37'),(1427,100014,'!setoccupation rachiiee 13','2010-05-30 04:14:37'),(1428,100014,'!setoccupation rachiiee 69','2010-05-30 04:14:38'),(1429,100014,'!setoccupation rachiiee 1337','2010-05-30 04:14:38'),(1430,100014,'!warp pizzathehutt','2010-05-30 04:15:47'),(1431,100014,'!commandssearch occ','2010-05-30 04:15:48'),(1432,100019,'!connected','2010-05-30 04:15:48'),(1433,100014,'!setoccupation rachiiee 10','2010-05-30 04:15:48'),(1434,100019,'!online','2010-05-30 04:15:48'),(1435,100014,'!setoccupation rachiiee 9','2010-05-30 04:15:48'),(1436,100014,'!setoccupationlevel player 10','2010-05-30 04:15:48'),(1437,100014,'!setoccupationlevel rachiiee 10','2010-05-30 04:17:01'),(1438,100014,'!say Deus!','2010-05-30 04:18:15'),(1439,100014,'!warp desu','2010-05-30 04:18:15'),(1440,100014,'!warp deus','2010-05-30 04:18:15'),(1441,100019,'!connected','2010-05-30 04:23:10'),(1442,100019,'!online','2010-05-30 04:23:10'),(1443,100014,'!connected','2010-05-30 04:23:11'),(1444,100014,'!henesys joycesauce','2010-05-30 04:24:24'),(1445,100014,'!henesys joycesauce','2010-05-30 04:25:38'),(1446,100019,'!warp rachiiee','2010-05-30 04:25:38'),(1447,100013,'!online','2010-05-30 04:25:39'),(1448,100014,'!warp bubbles','2010-05-30 04:25:39'),(1449,100013,'!commandssearch nx','2010-05-30 04:26:52'),(1450,100014,'!warp deus','2010-05-30 04:29:20'),(1451,100014,'!warp bubbles','2010-05-30 04:29:20'),(1452,100014,'!warp bubbles','2010-05-30 04:29:20'),(1453,100014,'!warp deus','2010-05-30 04:30:33'),(1454,100013,'!search nexon','2010-05-30 04:30:34'),(1455,100013,'!search wizet','2010-05-30 04:30:34'),(1456,100013,'!item 1002140','2010-05-30 04:30:34'),(1457,100013,'!search black dress','2010-05-30 04:30:34'),(1458,100013,'!item 1071024','2010-05-30 04:30:34'),(1459,100013,'!search white jean','2010-05-30 04:31:47'),(1460,100013,'!item 1062039','2010-05-30 04:31:47'),(1461,100013,'!search white shirt','2010-05-30 04:31:48'),(1462,100013,'!search white','2010-05-30 04:31:48'),(1463,100013,'!search puffy ram','2010-05-30 04:34:15'),(1464,100013,'!item 1002796','2010-05-30 04:34:15'),(1465,100013,'!item 1102175','2010-05-30 04:34:15'),(1466,100013,'!item 1082247','2010-05-30 04:34:15'),(1467,100013,'!item 1072367','2010-05-30 04:34:16'),(1468,100013,'!search white casual','2010-05-30 04:35:29'),(1469,100013,'!item 1042046','2010-05-30 04:35:29'),(1470,100013,'!search seal','2010-05-30 04:35:29'),(1471,100013,'!item 1702121','2010-05-30 04:35:29'),(1472,100013,'!search transparent gloves','2010-05-30 04:35:30'),(1473,100013,'!search puffy ram','2010-05-30 04:35:30'),(1474,100014,'!sexy snowball','2010-05-30 04:35:30'),(1475,100014,'!warp deus','2010-05-30 04:35:31'),(1476,100013,'!search transparent glo','2010-05-30 04:35:31'),(1477,100013,'!item 1082102','2010-05-30 04:36:43'),(1478,100013,'!search blush','2010-05-30 04:36:43'),(1479,100013,'!item 1013003','2010-05-30 04:36:43'),(1480,100013,'!item 1013028','2010-05-30 04:36:43'),(1481,100013,'!item 1013028','2010-05-30 04:36:43'),(1482,100013,'!drop 1013028','2010-05-30 04:36:43'),(1483,100013,'!search frameless','2010-05-30 04:36:43'),(1484,100013,'!item 1022037','2010-05-30 04:36:43'),(1485,100013,'!search blush','2010-05-30 04:36:43'),(1486,100013,'!item 1012003','2010-05-30 04:36:43'),(1487,100013,'!item 1012028','2010-05-30 04:36:44'),(1488,100013,'!warp deus','2010-05-30 04:37:56'),(1489,100013,'!job 910','2010-05-30 04:37:57'),(1490,100013,'!search ryoko','2010-05-30 04:39:10'),(1491,100013,'!search nibel','2010-05-30 04:39:10'),(1492,100013,'!spawn 8220013','2010-05-30 04:39:11'),(1493,100013,'!killall2','2010-05-30 04:39:11'),(1494,100013,'!killall2','2010-05-30 04:39:11'),(1495,100014,'!search nibelung','2010-05-30 04:39:11'),(1496,100013,'!killall2','2010-05-30 04:39:11'),(1497,100013,'!killall2','2010-05-30 04:39:11'),(1498,100014,'!spawn 8220014','2010-05-30 04:39:12'),(1499,100013,'!healmap','2010-05-30 04:39:12'),(1500,100014,'!kill all','2010-05-30 04:40:24'),(1501,100014,'!itemvac','2010-05-30 04:40:25'),(1502,100013,'!job 610','2010-05-30 04:40:25'),(1503,100013,'!job 600','2010-05-30 04:40:25'),(1504,100013,'!job','2010-05-30 04:40:25'),(1505,100013,'!Job 2100','2010-05-30 04:40:25'),(1506,100014,'!search ryok','2010-05-30 04:40:26'),(1507,100013,'!Job 2103','2010-05-30 04:40:26'),(1508,100013,'!Job 2102','2010-05-30 04:40:26'),(1509,100014,'!search ryko','2010-05-30 04:40:26'),(1510,100013,'!Job 2120','2010-05-30 04:40:27'),(1511,100013,'!Job 2112','2010-05-30 04:40:27'),(1512,100014,'!spawn 9010021','2010-05-30 04:40:27'),(1513,100014,'!search2 map ryko','2010-05-30 04:41:38'),(1514,100014,'!search2 item ryko','2010-05-30 04:41:38'),(1515,100014,'!search2 mob ryko','2010-05-30 04:41:39'),(1516,100014,'!search2 mob ryko skill','2010-05-30 04:41:39'),(1517,100014,'!item 9010021','2010-05-30 04:41:39'),(1518,100014,'!connected','2010-05-30 04:41:39'),(1519,100014,'!online','2010-05-30 04:42:52'),(1520,100017,'!online','2010-05-30 04:42:52'),(1521,100017,'!warp rachiiee','2010-05-30 04:42:53'),(1522,100014,'!itemvac','2010-05-30 04:45:19'),(1523,100013,'!search pole arm','2010-05-30 04:50:15'),(1524,100013,'!item 1442000','2010-05-30 04:51:29'),(1525,100013,'!warp deus','2010-05-30 04:51:29'),(1526,100014,'!itemvac','2010-05-30 04:51:30'),(1527,100013,'!warp deus','2010-05-30 04:51:30'),(1528,100014,'!itemvac','2010-05-30 04:52:42'),(1529,100014,'!itemvac','2010-05-30 04:52:43'),(1530,100014,'!itemvac','2010-05-30 04:52:43'),(1531,100014,'!itemvac','2010-05-30 04:52:43'),(1532,100014,'!itemvac','2010-05-30 04:52:44'),(1533,100014,'!itemvac','2010-05-30 04:52:44'),(1534,100014,'!itemvac','2010-05-30 04:52:44'),(1535,100014,'!itemvac','2010-05-30 04:52:45'),(1536,100014,'!itemvac','2010-05-30 04:52:45'),(1537,100014,'!itemvac','2010-05-30 04:52:45'),(1538,100014,'!itemvac','2010-05-30 04:52:46'),(1539,100014,'!itemvac','2010-05-30 04:52:46'),(1540,100014,'!itemvac','2010-05-30 04:52:46'),(1541,100014,'!itemvac','2010-05-30 04:52:47'),(1542,100014,'!itemvac','2010-05-30 04:52:47'),(1543,100014,'!itemvac','2010-05-30 04:52:47'),(1544,100014,'!itemvac','2010-05-30 04:52:47'),(1545,100014,'!itemvac','2010-05-30 04:52:48'),(1546,100013,'!search saddle','2010-05-30 04:52:48'),(1547,100013,'!item 1912011','2010-05-30 04:52:48'),(1548,100013,'!search kyo','2010-05-30 04:52:48'),(1549,100013,'!search ryko','2010-05-30 04:52:49'),(1550,100013,'!item 1902018','2010-05-30 04:53:56'),(1551,100013,'!level 200','2010-05-30 04:53:57'),(1552,100013,'!warp deus','2010-05-30 04:55:10'),(1553,100014,'!job 2112','2010-05-30 04:55:10'),(1554,100013,'!warp deus','2010-05-30 04:56:24'),(1555,100014,'!job 910','2010-05-30 04:56:25'),(1556,100014,'!whosthere','2010-05-30 04:57:38'),(1557,100014,'!search black','2010-05-30 04:58:52'),(1558,100014,'!search2 map black','2010-05-30 04:58:52'),(1559,100014,'!warp 914000500','2010-05-30 04:58:52'),(1560,100017,'!warp 914000500','2010-05-30 04:58:52'),(1561,100014,'!warp elektra','2010-05-30 04:58:53'),(1562,100013,'!warp rachiiee','2010-05-30 05:00:05'),(1563,100014,'!job 2112','2010-05-30 05:00:06'),(1564,100013,'!sexy gm','2010-05-30 05:01:19'),(1565,100014,'!sexy gm','2010-05-30 05:01:20'),(1566,100017,'!sexy gm','2010-05-30 05:01:20'),(1567,100014,'!search2 mob snail','2010-05-30 05:01:20'),(1568,100014,'!spawn 9500144 30','2010-05-30 05:01:20'),(1569,100014,'!spawn 9500144 30','2010-05-30 05:01:20'),(1570,100014,'!spawn 9500144 70','2010-05-30 05:02:33'),(1571,100014,'!spawn 9500144 70','2010-05-30 05:02:34'),(1572,100014,'!itemvac','2010-05-30 05:02:34'),(1573,100014,'!spawn 9500144 140','2010-05-30 05:02:35'),(1574,100014,'!spawn 9500144 140','2010-05-30 05:02:35'),(1575,100014,'!itemvac','2010-05-30 05:02:35'),(1576,100014,'!search2 mob snail','2010-05-30 05:03:47'),(1577,100013,'!warp 1','2010-05-30 05:08:42'),(1578,100013,'!warp 0','2010-05-30 05:08:43'),(1579,100013,'!warp 10','2010-05-30 05:08:43'),(1580,100013,'!warp 100','2010-05-30 05:08:43'),(1581,100013,'!warp 500','2010-05-30 05:08:44'),(1582,100013,'!warp 1000','2010-05-30 05:08:44'),(1583,100013,'!search mushroom town','2010-05-30 05:08:44'),(1584,100013,'!warp 10000','2010-05-30 05:08:44'),(1585,100013,'!rigstats','2010-05-30 05:09:56'),(1586,100013,'!spawn 100100','2010-05-30 05:10:59'),(1587,100013,'!spawn 100100 hp 2100000000','2010-05-30 05:10:59'),(1588,100019,'!connected','2010-05-30 05:33:00'),(1589,100019,'!warp 682000200','2010-05-30 05:33:01'),(1590,100019,'!search2 mob red snail','2010-05-30 05:33:01'),(1591,100019,'!spawn 130101','2010-05-30 05:33:01'),(1592,100019,'!spawn 130101','2010-05-30 05:34:14'),(1593,100019,'!warp 1000','2010-05-30 05:34:15'),(1594,100019,'!warp 100','2010-05-30 05:34:15'),(1595,100019,'!warp 1','2010-05-30 05:34:15'),(1596,100019,'!search2 map mushroom town','2010-05-30 05:34:16'),(1597,100019,'!warp 10000','2010-05-30 05:34:16'),(1598,100019,'!warp 682000200','2010-05-30 05:37:56'),(1599,100019,'!search2 mob rash','2010-05-30 05:39:10'),(1600,100019,'!spawn 7130500 10','2010-05-30 05:39:10'),(1601,100019,'!spawn 7130500 10','2010-05-30 05:39:10'),(1602,100019,'!spawn 7130500 10','2010-05-30 05:39:10'),(1603,100019,'!drop 4000175','2010-05-30 05:42:51'),(1604,100019,'!search2 mob pianus','2010-05-30 05:42:51'),(1605,100019,'!spawn 8510000','2010-05-30 05:42:51'),(1606,100019,'!killall','2010-05-30 05:42:52'),(1607,100019,'!rigstats','2010-05-30 05:44:05'),(1608,100019,'!drop 4000176','2010-05-30 05:44:05'),(1609,100019,'!search2 mob zombie mushmom','2010-05-30 05:44:05'),(1610,100019,'!spawn 6300005','2010-05-30 05:44:05'),(1611,100019,'!cleardrops','2010-05-30 05:45:19'),(1612,100019,'!drop 4000228','2010-05-30 05:45:19'),(1613,100019,'!drop 4000228','2010-05-30 05:45:19'),(1614,100019,'!drop 4000229','2010-05-30 05:46:33'),(1615,100019,'!drop 4000230','2010-05-30 05:46:33'),(1616,100019,'!drop 4000231','2010-05-30 05:46:33'),(1617,100019,'!drop 4000232','2010-05-30 05:46:33'),(1618,100019,'!drop 4000233','2010-05-30 05:46:34'),(1619,100019,'!drop 4000234','2010-05-30 05:46:34'),(1620,100019,'!drop 4000235','2010-05-30 05:47:46'),(1621,100019,'!drop 4000234','2010-05-30 05:47:46'),(1622,100019,'!drop 4000235','2010-05-30 05:47:47'),(1623,100019,'!search2 mob manon','2010-05-30 05:47:47'),(1624,100019,'!spawn 8180000','2010-05-30 05:47:47'),(1625,100019,'!cleardrops','2010-05-30 05:47:47'),(1626,100019,'!drop 4000236','2010-05-30 05:47:47'),(1627,100019,'!drop 4000237','2010-05-30 05:47:48'),(1628,100019,'!drop 4000238','2010-05-30 05:47:48'),(1629,100019,'!drop 4000238','2010-05-30 05:47:48'),(1630,100017,'!online','2010-05-30 05:49:00'),(1631,100019,'!search2 mob harp','2010-05-30 05:49:01'),(1632,100019,'!spawn 8140001','2010-05-30 05:49:01'),(1633,100019,'!drop 4000239','2010-05-30 05:49:02'),(1634,100019,'!drop 4000240','2010-05-30 05:49:02'),(1635,100019,'!drop 4000241','2010-05-30 05:49:02'),(1636,100019,'!drop 4000242','2010-05-30 05:49:02'),(1637,100019,'!drop 4000243','2010-05-30 05:49:03'),(1638,100019,'!drop 4000244','2010-05-30 05:49:03'),(1639,100019,'!drop 4000245','2010-05-30 05:49:03'),(1640,100019,'!drop 4000244','2010-05-30 05:49:03'),(1641,100019,'!drop 4000245','2010-05-30 05:49:03'),(1642,100019,'!drop 4000245','2010-05-30 06:01:19'),(1643,100019,'!search2 mob skelegon','2010-05-30 06:01:19'),(1644,100019,'!spawn 8190003 10','2010-05-30 06:01:19'),(1645,100019,'!spawn 8190003 10','2010-05-30 06:02:32'),(1646,100019,'!search2 mob skele','2010-05-30 06:03:46'),(1647,100019,'!spawn 9700005','2010-05-30 06:03:46'),(1648,100019,'!search2 mob saurus','2010-05-30 06:03:46'),(1649,100019,'!spawn 8190004 10','2010-05-30 06:03:47'),(1650,100019,'!spawn 8190004 10','2010-05-30 06:03:47'),(1651,100019,'!spawn 8190004 10','2010-05-30 06:03:47'),(1652,100019,'!spawn 8190004 10','2010-05-30 06:03:47'),(1653,100019,'!itemvac','2010-05-30 06:05:00'),(1654,100019,'!drop 4000245','2010-05-30 06:05:00'),(1655,100019,'!drop 4000244','2010-05-30 06:05:00'),(1656,100019,'!drop 4000244','2010-05-30 06:09:55'),(1657,100019,'!drop 4000246','2010-05-30 06:14:51'),(1658,100019,'!search2 mob rash','2010-05-30 06:25:55'),(1659,100019,'!spawn 7130500 10','2010-05-30 06:25:55'),(1660,100019,'!spawn 7130500 10','2010-05-30 06:25:56'),(1661,100019,'!spawn 7130500 10','2010-05-30 06:25:56'),(1662,100019,'!search2 item anesthetic','2010-05-30 06:25:56'),(1663,100019,'!drop 4000229','2010-05-30 06:27:09'),(1664,100019,'!drop 4000230','2010-05-30 06:27:09'),(1665,100019,'!drop 4000231','2010-05-30 06:28:23'),(1666,100019,'!drop 4000232','2010-05-30 06:28:23'),(1667,100019,'!drop 4000233','2010-05-30 06:28:23'),(1668,100019,'!drop 4000234','2010-05-30 06:28:24'),(1669,100019,'!drop 4000235','2010-05-30 06:28:24'),(1670,100019,'!drop 4000236','2010-05-30 06:28:24'),(1671,100019,'!drop 4000237','2010-05-30 06:28:24'),(1672,100019,'!drop 4000238','2010-05-30 06:28:25'),(1673,100019,'!drop 4000239','2010-05-30 06:28:25'),(1674,100019,'!drop 4000240','2010-05-30 06:28:25'),(1675,100019,'!drop 4000241','2010-05-30 06:28:25'),(1676,100019,'!drop 4000240','2010-05-30 06:28:25'),(1677,100019,'!drop 4000239','2010-05-30 06:28:26'),(1678,100019,'!cleardrops','2010-05-30 06:28:26'),(1679,100019,'!search2 mob blood harp','2010-05-30 06:28:26'),(1680,100019,'!spawn 8140002 10','2010-05-30 06:28:26'),(1681,100019,'!drop 4000241','2010-05-30 06:29:37'),(1682,100019,'!drop 4000242','2010-05-30 06:29:37'),(1683,100019,'!drop 4000243','2010-05-30 06:29:37'),(1684,100019,'!drop 4000243','2010-05-30 06:29:37'),(1685,100019,'!cleardrops','2010-05-30 06:29:38'),(1686,100019,'!search2 mob griffey','2010-05-30 06:29:38'),(1687,100019,'!spawn 8180001','2010-05-30 06:29:38'),(1688,100019,'!drop 4000244','2010-05-30 06:29:38'),(1689,100019,'!drop 4000245','2010-05-30 06:29:38'),(1690,100019,'!drop 4000246','2010-05-30 06:29:38'),(1691,100019,'!search2 mob toad','2010-05-30 06:29:38'),(1692,100019,'!spawn 9420000 10','2010-05-30 06:29:38'),(1693,100019,'!search2 mob rash','2010-05-30 06:30:50'),(1694,100019,'!spawn 7130500 10','2010-05-30 06:30:51'),(1695,100019,'!drop 4000231','2010-05-30 06:45:37'),(1696,100019,'!drop 4000232','2010-05-30 06:45:37'),(1697,100019,'!drop 4000233','2010-05-30 06:45:37'),(1698,100019,'!drop 4000234','2010-05-30 06:45:37'),(1699,100019,'!drop 4000235','2010-05-30 06:45:37'),(1700,100019,'!drop 4000236','2010-05-30 06:45:37'),(1701,100019,'!drop 4000237','2010-05-30 06:45:37'),(1702,100019,'!drop 4000238','2010-05-30 06:45:38'),(1703,100019,'!drop 4000239','2010-05-30 06:45:38'),(1704,100019,'!drop 4000240','2010-05-30 06:45:38'),(1705,100019,'!drop 4000241','2010-05-30 06:45:38'),(1706,100019,'!drop 4000242','2010-05-30 06:45:38'),(1707,100019,'!drop 4000243','2010-05-30 06:45:38'),(1708,100019,'!drop 4000244','2010-05-30 06:45:38'),(1709,100019,'!drop 4000245','2010-05-30 06:45:38'),(1710,100019,'!drop 4000246','2010-05-30 06:45:38'),(1711,100019,'!drop 4000257','2010-05-30 06:46:50'),(1712,100019,'!drop 4000257','2010-05-30 06:46:50'),(1713,100019,'!search2 mob snowman','2010-05-30 06:46:51'),(1714,100019,'!spawn 950021`','2010-05-30 06:46:51'),(1715,100019,'!spawn 9500321','2010-05-30 06:46:51'),(1716,100019,'!killall','2010-05-30 06:46:51'),(1717,100019,'!spawn 8220001','2010-05-30 06:48:04'),(1718,100019,'!spawn 9300208','2010-05-30 06:48:05'),(1719,100019,'!spawn 8220001','2010-05-30 06:48:05'),(1720,100019,'!drop 4000257','2010-05-30 06:48:05'),(1721,100019,'!drop 4000260','2010-05-30 06:48:05'),(1722,100019,'!cleardrops','2010-05-30 06:48:05'),(1723,100019,'!drop 4000260','2010-05-30 06:48:06'),(1724,100019,'!search2 mob hov','2010-05-30 06:49:18'),(1725,100019,'!search2 mob hobi','2010-05-30 06:49:18'),(1726,100019,'!spawn 7130600 10','2010-05-30 06:49:18'),(1727,100019,'!drop 4000261','2010-05-30 06:50:32'),(1728,100019,'!drop 4000262','2010-05-30 06:50:32'),(1729,100019,'!drop 4000263','2010-05-30 06:50:32'),(1730,100019,'!drop 4000264','2010-05-30 06:50:33'),(1731,100019,'!drop 4000265','2010-05-30 06:50:33'),(1732,100019,'!drop 4000266','2010-05-30 06:50:33'),(1733,100019,'!drop 4000267','2010-05-30 06:50:33'),(1734,100019,'!drop 4000268','2010-05-30 06:50:33'),(1735,100019,'!drop 4000269','2010-05-30 06:50:34'),(1736,100019,'!drop 4000270','2010-05-30 06:50:34'),(1737,100019,'!drop 4000270','2010-05-30 06:50:34'),(1738,100019,'!drop 4000271','2010-05-30 06:50:34'),(1739,100019,'!drop 4000272','2010-05-30 06:50:34'),(1740,100019,'!drop 4000273','2010-05-30 06:50:34'),(1741,100019,'!drop 4000274','2010-05-30 06:50:34'),(1742,100019,'!drop 4000275','2010-05-30 06:50:34'),(1743,100019,'!drop 4000276','2010-05-30 06:50:34'),(1744,100019,'!drop 4000275','2010-05-30 06:50:34'),(1745,100019,'!cleardrops','2010-05-30 06:50:34'),(1746,100019,'!drop 4000275','2010-05-30 06:50:34'),(1747,100019,'!drop 4000276','2010-05-30 06:50:34'),(1748,100019,'!drop 4000277','2010-05-30 06:51:46'),(1749,100019,'!drop 4000278','2010-05-30 06:51:46'),(1750,100019,'!drop 4000279','2010-05-30 06:51:46'),(1751,100019,'!drop 4000280','2010-05-30 06:51:46'),(1752,100019,'!drop 4000281','2010-05-30 06:51:46'),(1753,100019,'!drop 4000282','2010-05-30 06:51:46'),(1754,100019,'!drop 4000283','2010-05-30 06:51:46'),(1755,100019,'!drop 4000284','2010-05-30 06:51:47'),(1756,100019,'!drop 4000285','2010-05-30 06:51:47'),(1757,100019,'!drop 4000286','2010-05-30 06:51:47'),(1758,100019,'!drop 4000287','2010-05-30 06:51:47'),(1759,100019,'!drop 4000288','2010-05-30 06:51:47'),(1760,100019,'!drop 4000289','2010-05-30 06:51:47'),(1761,100019,'!drop 4000290','2010-05-30 06:51:47'),(1762,100019,'!drop 4000291','2010-05-30 06:51:48'),(1763,100019,'!drop 4000292','2010-05-30 06:51:48'),(1764,100019,'!drop 4000293','2010-05-30 06:51:48'),(1765,100019,'!drop 4000294','2010-05-30 06:51:48'),(1766,100019,'!drop 4000295','2010-05-30 06:51:48'),(1767,100019,'!drop 4000296','2010-05-30 06:51:48'),(1768,100019,'!drop 4000297','2010-05-30 06:51:48'),(1769,100019,'!drop 4000298','2010-05-30 06:51:48'),(1770,100019,'!drop 4000298','2010-05-30 06:51:48'),(1771,100019,'!drop 4000298','2010-05-30 06:51:48'),(1772,100019,'!drop 4000299','2010-05-30 06:51:49'),(1773,100019,'!search2 mob book ghost','2010-05-30 06:51:49'),(1774,100019,'!spawn 9300164 10','2010-05-30 06:51:49'),(1775,100019,'!spawn 5120506 10','2010-05-30 06:53:00'),(1776,100019,'!cleardrops','2010-05-30 06:53:00'),(1777,100019,'!drop 4000324','2010-05-30 06:53:00'),(1778,100019,'!drop 4000325','2010-05-30 06:53:00'),(1779,100019,'!drop 4000326','2010-05-30 06:53:01'),(1780,100019,'!drop 4000327','2010-05-30 06:54:13'),(1781,100019,'!drop 4000328','2010-05-30 06:54:14'),(1782,100019,'!drop 4000329','2010-05-30 06:54:15'),(1783,100019,'!drop 4000328','2010-05-30 06:54:15'),(1784,100019,'!search2 mob bellamoa','2010-05-30 06:54:15'),(1785,100019,'!spawn 2100105 10','2010-05-30 06:54:15'),(1786,100019,'!cleardrops','2010-05-30 06:54:15'),(1787,100019,'!drop 4000329','2010-05-30 06:54:16'),(1788,100019,'!drop 4000330','2010-05-30 06:54:16'),(1789,100019,'!drop 4000331','2010-05-30 06:54:16'),(1790,100019,'!drop 4000332','2010-05-30 06:54:16'),(1791,100019,'!drop 4000333','2010-05-30 06:54:16'),(1792,100019,'!drop 4000332','2010-05-30 06:54:16'),(1793,100019,'!drop 4000332','2010-05-30 06:54:17'),(1794,100019,'!drop 4000334','2010-05-30 06:54:17'),(1795,100019,'!drop 4000335','2010-05-30 06:54:18'),(1796,100019,'!drop 4000336','2010-05-30 06:54:18'),(1797,100019,'!cleardrops','2010-05-30 06:54:18'),(1798,100019,'!drop 4000333','2010-05-30 06:55:27'),(1799,100019,'!drop 4000334','2010-05-30 06:55:27'),(1800,100019,'!drop 4000334','2010-05-30 06:55:28'),(1801,100019,'!search2 mob sand dwarf','2010-05-30 06:55:28'),(1802,100019,'!spawn 3100101 10','2010-05-30 06:55:28'),(1803,100019,'!drop 4000335','2010-05-30 06:55:28'),(1804,100019,'!cleardrops','2010-05-30 06:55:29'),(1805,100019,'!drop 4000335','2010-05-30 06:55:29'),(1806,100019,'!drop 4000336','2010-05-30 06:55:30'),(1807,100019,'!search2 mob riche','2010-05-30 06:55:31'),(1808,100019,'!spawn 6090000 10','2010-05-30 06:56:41'),(1809,100019,'!search2 mob sand dwarf','2010-05-30 06:56:43'),(1810,100019,'!spawn 3110301 10','2010-05-30 06:57:55'),(1811,100019,'!search2 item flaming desert','2010-05-30 06:57:55'),(1812,100019,'!drop 4000336','2010-05-30 06:59:09'),(1813,100019,'!search2 mob riche','2010-05-30 06:59:09'),(1814,100019,'!spawn 6090000','2010-05-30 06:59:09'),(1815,100019,'!connected','2010-05-30 07:15:18'),(1816,100019,'!online','2010-05-30 07:15:19'),(1817,100019,'!drop 4000350','2010-05-30 07:17:46'),(1818,100019,'!drop 4000351','2010-05-30 07:17:46'),(1819,100019,'!drop 4000352','2010-05-30 07:19:00'),(1820,100019,'!drop 4000353','2010-05-30 07:19:00'),(1821,100019,'!drop 4000354','2010-05-30 07:19:00'),(1822,100019,'!drop 4000355','2010-05-30 07:19:01'),(1823,100019,'!drop 4000356','2010-05-30 07:19:01'),(1824,100019,'!drop 4000357','2010-05-30 07:19:01'),(1825,100019,'!drop 4000358','2010-05-30 07:19:02'),(1826,100019,'!drop 4000358','2010-05-30 07:19:02'),(1827,100019,'!drop 4000357','2010-05-30 07:19:02'),(1828,100019,'!drop 4000359','2010-05-30 07:19:02'),(1829,100019,'!drop 4000359','2010-05-30 07:19:02'),(1830,100019,'!drop 4000360','2010-05-30 07:20:14'),(1831,100019,'!drop 4000361','2010-05-30 07:20:14'),(1832,100019,'!drop 4000362','2010-05-30 07:20:14'),(1833,100019,'!drop 4000363','2010-05-30 07:20:15'),(1834,100019,'!drop 4000364','2010-05-30 07:20:15'),(1835,100019,'!drop 4000365','2010-05-30 07:20:15'),(1836,100019,'!drop 4000411','2010-05-30 07:21:28'),(1837,100019,'!drop 4000411','2010-05-30 07:21:28'),(1838,100019,'!search2 mob security camera','2010-05-30 07:22:41'),(1839,100019,'!spawn 7090000 10','2010-05-30 07:23:55'),(1840,100010,'!online','2010-05-30 07:25:09'),(1841,100010,'!warp pizzathehutt','2010-05-30 07:25:09'),(1842,100019,'!drop 4000411','2010-05-30 07:34:26'),(1843,100019,'!search2 map authorized','2010-05-30 07:34:26'),(1844,100019,'!warp 251020401','2010-05-30 07:34:27'),(1845,100019,'!warp 261020401','2010-05-30 07:34:27'),(1846,100019,'!warp 682000200','2010-05-30 07:35:40'),(1847,100019,'!drop 4000412','2010-05-30 07:38:08'),(1848,100019,'!search2 mob master dummy','2010-05-30 07:39:21'),(1849,100019,'!spawn 5090001','2010-05-30 07:39:22'),(1850,100019,'!search2 map practice field','2010-05-30 07:39:22'),(1851,100019,'!warp 250020000','2010-05-30 07:39:22'),(1852,100019,'!warp 682000200','2010-05-30 07:41:49'),(1853,100019,'!drop 4000413','2010-05-30 07:41:49'),(1854,100019,'!search2 mob shade','2010-05-30 07:41:49'),(1855,100019,'!spawn 5090000 10','2010-05-30 07:41:50'),(1856,100019,'!drop 4000414','2010-05-30 07:41:50'),(1857,100019,'!drop 4000415','2010-05-30 07:41:50'),(1858,100019,'!search2 mob snow witch','2010-05-30 07:43:03'),(1859,100019,'!spawn 60900001 10','2010-05-30 07:43:03'),(1860,100019,'!spawn 6090001 10','2010-05-30 07:43:03'),(1861,100019,'!cleardrops','2010-05-30 07:43:03'),(1862,100019,'!drop 4000416','2010-05-30 07:43:03'),(1863,100019,'!search2 mob scholar ghost','2010-05-30 07:43:04'),(1864,100019,'!spawn 6090003 10','2010-05-30 07:43:04'),(1865,100019,'!drop 40004017','2010-05-30 07:43:04'),(1866,100019,'!drop 40004018','2010-05-30 07:43:04'),(1867,100019,'!drop 4000418','2010-05-30 07:44:17'),(1868,100019,'!drop 4000417','2010-05-30 07:44:17'),(1869,100019,'!cleardrops','2010-05-30 07:44:17'),(1870,100019,'!drop 4000418','2010-05-30 07:44:17'),(1871,100019,'!search2 mob deet','2010-05-30 07:44:18'),(1872,100019,'!spawn 8090000 10','2010-05-30 07:44:18'),(1873,100019,'!drop 4000419','2010-05-30 07:44:18'),(1874,100019,'!cleardrops','2010-05-30 07:45:31'),(1875,100019,'!drop 4000419','2010-05-30 07:45:31'),(1876,100019,'!search2 mob rurumo','2010-05-30 07:45:31'),(1877,100019,'!spawn 6090004','2010-05-30 07:45:31'),(1878,100019,'!drop 4000420','2010-05-30 07:45:31'),(1879,100019,'!drop 4000436','2010-05-30 07:45:31'),(1880,100019,'!drop 4000437','2010-05-30 07:46:44'),(1881,100019,'!drop 4000438','2010-05-30 07:46:45'),(1882,100019,'!search2 mob tree rod','2010-05-30 07:46:45'),(1883,100019,'!spawn 4250001','2010-05-30 07:46:45'),(1884,100019,'!spawn 4250001 10','2010-05-30 07:46:45'),(1885,100019,'!drop 4000440','2010-05-30 07:51:40'),(1886,100002,'!connected','2010-05-30 10:36:33'),(1887,100002,'!search2 npc mr. oh','2010-05-30 10:50:05'),(1888,100002,'!sexy gm','2010-05-30 10:50:05'),(1889,100002,'!npc 1061008','2010-05-30 10:50:06'),(1890,100002,'!npc 9209002','2010-05-30 10:51:19'),(1891,100002,'!search2 npc Gerrard','2010-05-30 10:51:19'),(1892,100002,'!search2 npc mr. mohammed','2010-05-30 10:52:33'),(1893,100002,'!search2 npc mr. park','2010-05-30 10:53:47'),(1894,100002,'!search2 npc mr','2010-05-30 10:53:47'),(1895,100002,'!search2 npc mr.','2010-05-30 10:53:47'),(1896,100002,'!search2 npc koscu','2010-05-30 10:58:42'),(1897,100002,'!npc 2080005','2010-05-30 10:58:42'),(1898,100002,'!search2 npc seppy','2010-05-30 10:59:56'),(1899,100002,'!search2 npc encik','2010-05-30 11:01:09'),(1900,100002,'!search2 npc dondlass','2010-05-30 11:03:37'),(1901,100002,'!search2 map nlc','2010-05-30 11:04:51'),(1902,100002,'!warp 60000000000','2010-05-30 11:04:51'),(1903,100002,'!warp 6000000000','2010-05-30 11:04:52'),(1904,100002,'!warp 600000000','2010-05-30 11:04:53'),(1905,100002,'!search2 npc rob','2010-05-30 11:04:53'),(1906,100002,'!search2 map ariant','2010-05-30 11:06:05'),(1907,100002,'!warp 260000200','2010-05-30 11:06:05'),(1908,100002,'!search2 ahmad','2010-05-30 11:07:19'),(1909,100002,'!search2 noc ahmad','2010-05-30 11:07:19'),(1910,100002,'!search2 npc ahmad','2010-05-30 11:07:19'),(1911,100002,'!search2 npc storageman','2010-05-30 11:08:32'),(1912,100002,'!search2 npc trina','2010-05-30 11:08:33'),(1913,100002,'!search2 npc mr.','2010-05-30 11:09:46'),(1914,100002,'!search2 npc yuse','2010-05-30 11:09:46'),(1915,100002,'!connected','2010-05-30 11:12:14'),(1916,100014,'!job 910','2010-05-30 12:28:31'),(1917,100014,'!whosthere','2010-05-30 12:33:27'),(1918,100014,'!sexy gm','2010-05-30 12:33:27'),(1919,100014,'!search lava','2010-05-30 12:37:06'),(1920,100014,'!warp 280020000','2010-05-30 12:37:06'),(1921,100014,'!warp 280020000','2010-05-30 12:39:34'),(1922,100014,'!warp 280020001','2010-05-30 12:39:34'),(1923,100014,'!online','2010-05-30 12:40:47'),(1924,100014,'!connected','2010-05-30 12:40:48'),(1925,100014,'!spawnpoint 1','2010-05-30 12:42:01'),(1926,100014,'!spawnpoint 3','2010-05-30 12:43:15'),(1927,100014,'!spawnpoint 5','2010-05-30 12:43:15'),(1928,100014,'!spawnpoint 4','2010-05-30 12:43:15'),(1929,100014,'!spawnpoint 0','2010-05-30 12:44:29'),(1930,100014,'!whosthere','2010-05-30 12:44:29'),(1931,100014,'!search patience','2010-05-30 12:48:10'),(1932,100014,'!warp 101000100','2010-05-30 12:48:10'),(1933,100014,'!sexy gm','2010-05-30 12:49:24'),(1934,100014,'!warp 200000000','2010-05-30 12:50:38'),(1935,100014,'!search2 mob snail','2010-05-30 12:53:06'),(1936,100014,'!spawn 9500144 300','2010-05-30 12:54:20'),(1937,100014,'!itemvac','2010-05-30 12:54:20'),(1938,100014,'!spawn 9500144 300','2010-05-30 12:54:20'),(1939,100014,'!spawn 9500144 300','2010-05-30 12:55:33'),(1940,100014,'!spawn 9500144 300','2010-05-30 12:55:34'),(1941,100014,'!itemvac','2010-05-30 12:55:34'),(1942,100014,'!connected','2010-05-30 12:58:01'),(1943,100014,'!connected','2010-05-30 13:02:56'),(1944,100014,'!cheaters','2010-05-30 13:02:57'),(1945,100014,'!zakum','2010-05-30 13:04:10'),(1946,100014,'!itemvac','2010-05-30 13:05:24'),(1947,100014,'!itemvac','2010-05-30 13:05:24'),(1948,100014,'!anego','2010-05-30 13:05:24'),(1949,100014,'!itemvac','2010-05-30 13:05:25'),(1950,100014,'!search scales','2010-05-30 13:05:25'),(1951,100014,'!item 1812006 10','2010-05-30 13:05:25'),(1952,100014,'!item 1812006 5','2010-05-30 13:05:26'),(1953,100014,'!item 1812006 3','2010-05-30 13:05:26'),(1954,100014,'!item 1812006','2010-05-30 13:05:27'),(1955,100014,'!item 1812006','2010-05-30 13:05:27'),(1956,100014,'!item 1812006','2010-05-30 13:05:27'),(1957,100014,'!item 1812006','2010-05-30 13:05:28'),(1958,100014,'!item 1812006','2010-05-30 13:05:28'),(1959,100014,'!item 1812006','2010-05-30 13:05:28'),(1960,100014,'!item 1812006','2010-05-30 13:05:29'),(1961,100014,'!item 1812006','2010-05-30 13:05:29'),(1962,100014,'!item 1812006','2010-05-30 13:05:29'),(1963,100014,'!item 1812006','2010-05-30 13:05:30'),(1964,100014,'!item 1812006','2010-05-30 13:05:30'),(1965,100014,'!item 1812006','2010-05-30 13:05:30'),(1966,100014,'!item 1812006','2010-05-30 13:05:30'),(1967,100014,'!item 1812006','2010-05-30 13:05:31'),(1968,100014,'!search max','2010-05-30 13:05:31'),(1969,100014,'!commandssearch max','2010-05-30 13:06:38'),(1970,100014,'!mesars','2010-05-30 13:06:38'),(1971,100014,'!rigstats','2010-05-30 13:06:38'),(1972,100014,'!rigstats','2010-05-30 13:09:05'),(1973,100014,'!search bandana','2010-05-30 13:09:06'),(1974,100014,'!item 1003016','2010-05-30 13:09:06'),(1975,100014,'!search gang','2010-05-30 13:20:29'),(1976,100014,'!search truck','2010-05-30 13:20:29'),(1977,100014,'!item 1012000','2010-05-30 13:25:24'),(1978,100014,'!search black skull eye patch','2010-05-30 13:25:24'),(1979,100014,'!item 1022062','2010-05-30 13:25:25'),(1980,100014,'!search dark purple jeans','2010-05-30 13:25:25'),(1981,100014,'!item 1062104','2010-05-30 13:25:25'),(1982,100014,'!search red checkered sneakers','2010-05-30 13:25:25'),(1983,100014,'!item 1072334','2010-05-30 13:25:25'),(1984,100014,'!search rock chain armlet','2010-05-30 13:25:26'),(1985,100014,'!item 1082251','2010-05-30 13:26:38'),(1986,100014,'!item transparent claw','2010-05-30 13:26:38'),(1987,100014,'!search transparent claw','2010-05-30 13:26:38'),(1988,100014,'!item 1702099','2010-05-30 13:26:38'),(1989,100014,'!job 910','2010-05-30 13:26:39'),(1990,100014,'!search bandana','2010-05-30 13:29:06'),(1991,100014,'!item 1003016','2010-05-30 13:29:06'),(1992,100014,'!search pirate cape','2010-05-30 13:29:06'),(1993,100014,'!connected','2010-05-30 13:30:19'),(1994,100014,'!search bandana','2010-05-30 13:31:33'),(1995,100014,'!item 1002496','2010-05-30 13:31:33'),(1996,100002,'!online','2010-05-30 13:32:47'),(1997,100002,'!say hi my loves.','2010-05-30 13:32:47'),(1998,100014,'!say Karen!','2010-05-30 13:34:01'),(1999,100002,'!say hii. :D','2010-05-30 13:34:01'),(2000,100002,'!warp sunshineey','2010-05-30 13:34:01'),(2001,100025,'!warp karen','2010-05-30 13:34:02'),(2002,100014,'!warp LOL, Karen!','2010-05-30 13:34:02'),(2003,100014,'!warp LOL,Karen!','2010-05-30 13:34:02'),(2004,100014,'!warp LOL, Karen!','2010-05-30 13:34:02'),(2005,100014,'!warp  lol, karen!','2010-05-30 13:35:15'),(2006,100014,'!warp lol, karen!','2010-05-30 13:35:15'),(2007,100014,'!warp lol,karen!','2010-05-30 13:35:15'),(2008,100014,'!henesys karen','2010-05-30 13:36:28'),(2009,100014,'!henesys sunshineey','2010-05-30 13:36:29'),(2010,100025,'!henesys Karen','2010-05-30 13:41:31'),(2011,100025,'!setoccupation Sunshineey','2010-05-30 13:41:31'),(2012,100025,'!setoccupation Sunshineey 3','2010-05-30 13:41:31'),(2013,100002,'!henesys rachiiee','2010-05-30 13:42:45'),(2014,100002,'!henesys sunshineey','2010-05-30 13:42:45'),(2015,100014,'!search white label ring','2010-05-30 13:45:12'),(2016,100014,'!search white label','2010-05-30 13:45:12'),(2017,100014,'!item 1112100','2010-05-30 13:45:13'),(2018,100014,'!item 1112100','2010-05-30 13:45:13'),(2019,100014,'!item 1112100','2010-05-30 13:45:13'),(2020,100014,'!item 1112100','2010-05-30 13:45:13'),(2021,100014,'!rigstats','2010-05-30 13:46:26'),(2022,100002,'!search2 item ribbon','2010-05-30 13:50:08'),(2023,100002,'!item 1001009','2010-05-30 13:50:08'),(2024,100002,'!search2 item fur vest','2010-05-30 13:50:08'),(2025,100002,'!item 1042186','2010-05-30 13:50:08'),(2026,100002,'!search2 item cowboy shorts','2010-05-30 13:50:09'),(2027,100002,'!item 1061067','2010-05-30 13:50:09'),(2028,100002,'!henesys sunshineey','2010-05-30 13:50:09'),(2029,100002,'!sexy gm','2010-05-30 13:51:21'),(2030,100002,'!henesys rachiiee','2010-05-30 13:51:22'),(2031,100002,'!search2 item tweed','2010-05-30 13:53:49'),(2032,100002,'!item 1002568','2010-05-30 13:53:49'),(2033,100014,'!sexy jq','2010-05-30 13:53:50'),(2034,100002,'!search2 item kitty','2010-05-30 13:53:50'),(2035,100002,'!search2 item kitty weapon','2010-05-30 13:53:51'),(2036,100014,'!sexy sexyjq','2010-05-30 13:53:51'),(2037,100025,'!level 200','2010-05-30 13:53:52'),(2038,100014,'!online','2010-05-30 13:53:53'),(2039,100002,'!search2 item sprite handbook','2010-05-30 13:53:53'),(2040,100002,'!search2 item sprite wings','2010-05-30 13:53:53'),(2041,100002,'!item 5010070','2010-05-30 13:53:54'),(2042,100014,'!search coco','2010-05-30 13:57:31'),(2043,100014,'!search2 npc','2010-05-30 13:57:31'),(2044,100002,'!search2 item slime earrings','2010-05-30 13:57:31'),(2045,100014,'!search mia','2010-05-30 13:57:31'),(2046,100002,'!item 1032052','2010-05-30 13:57:32'),(2047,100025,'!job 2100','2010-05-30 13:58:44'),(2048,100025,'!job 2200','2010-05-30 13:58:45'),(2049,100014,'!npc 9110000','2010-05-30 13:58:45'),(2050,100025,'!commands','2010-05-30 13:58:45'),(2051,100025,'!commands 2','2010-05-30 13:58:45'),(2052,100025,'!commands 3','2010-05-30 13:59:58'),(2053,100002,'!search2 item giant bear','2010-05-30 13:59:58'),(2054,100002,'!item 1003049','2010-05-30 13:59:59'),(2055,100002,'!search2 item maid','2010-05-30 13:59:59'),(2056,100002,'!search2 item maid\'s hairband','2010-05-30 13:59:59'),(2057,100002,'!search2 item maid\'s headband','2010-05-30 13:59:59'),(2058,100002,'!search2 item maid headband','2010-05-30 14:01:12'),(2059,100002,'!item 1002976','2010-05-30 14:01:12'),(2060,100025,'!say you mad?','2010-05-30 14:02:26'),(2061,100025,'!CHAT DASH + COMBAT STEP..','2010-05-30 14:03:40'),(2062,100025,'!say rac','2010-05-30 14:03:40'),(2063,100002,'!say yag <~','2010-05-30 14:03:40'),(2064,100025,'!say karen is yag <~','2010-05-30 14:03:40'),(2065,100002,'!say yag <~','2010-05-30 14:03:40'),(2066,100002,'!say yag <-','2010-05-30 14:03:41'),(2067,100002,'!say yag <-','2010-05-30 14:03:41'),(2068,100025,'!warp 180000000','2010-05-30 14:07:21'),(2069,100025,'!job 910','2010-05-30 14:07:22'),(2070,100002,'!item 3010082','2010-05-30 14:13:30'),(2071,100002,'!item 3010083','2010-05-30 14:13:31'),(2072,100002,'!item 3010084','2010-05-30 14:13:31'),(2073,100002,'!item 3010101','2010-05-30 14:13:31'),(2074,100002,'!item 3010098','2010-05-30 14:13:31'),(2075,100002,'!item 3010065','2010-05-30 14:14:44'),(2076,100002,'!item 3010066','2010-05-30 14:14:45'),(2077,100002,'!item 1702124','2010-05-30 14:15:58'),(2078,100002,'!search2 item kitty','2010-05-30 14:15:58'),(2079,100002,'!item 1072407','2010-05-30 14:15:59'),(2080,100002,'!item 1302131','2010-05-30 14:17:12'),(2081,100002,'!item 1452085','2010-05-30 14:17:12'),(2082,100002,'!search2 item boleadoras','2010-05-30 14:20:53'),(2083,100002,'!item 1702215','2010-05-30 14:20:54'),(2084,100002,'!item 1442079','2010-05-30 14:20:54'),(2085,100002,'!item 1442076','2010-05-30 14:20:54'),(2086,100002,'!item 1702249','2010-05-30 14:22:07'),(2087,100002,'!remove rachiiee','2010-05-30 14:23:21'),(2088,100002,'!warp rachiiee','2010-05-30 14:23:21'),(2089,100014,'!connected','2010-05-30 14:29:30'),(2090,100014,'!commandssearch event','2010-05-30 15:23:39'),(2091,100007,'!online','2010-05-30 15:40:52'),(2092,100007,'!warp 1400000000','2010-05-30 15:42:06'),(2093,100007,'!warp 140000000','2010-05-30 15:42:07'),(2094,100007,'!online','2010-05-30 15:42:07'),(2095,100007,'!connected','2010-05-30 15:42:07'),(2096,100002,'!commands 1','2010-05-31 12:23:19'),(2097,100002,'!commands 2','2010-05-31 12:24:33'),(2098,100002,'!commands 3','2010-05-31 12:24:33'),(2099,100002,'!commands 4','2010-05-31 12:24:33'),(2100,100002,'!commands 5','2010-05-31 12:24:33'),(2101,100002,'!commands 5','2010-05-31 12:25:46'),(2102,100002,'!commands 5','2010-05-31 12:25:47'),(2103,100002,'!commands 6','2010-05-31 12:25:47'),(2104,100002,'!commands 7','2010-05-31 12:25:47'),(2105,100002,'!commands 8','2010-05-31 12:25:48'),(2106,100002,'!commands 9','2010-05-31 12:25:48'),(2107,100002,'!commands 10','2010-05-31 12:25:48'),(2108,100002,'!commands 11','2010-05-31 12:25:48'),(2109,100002,'!commands 12','2010-05-31 12:25:49'),(2110,100002,'!commands 13','2010-05-31 12:25:49'),(2111,100002,'!commands 14','2010-05-31 12:26:04'),(2112,100002,'!commands 15','2010-05-31 12:26:04'),(2113,100002,'!commands 16','2010-05-31 12:26:04'),(2114,100002,'!commands 17','2010-05-31 12:26:05'),(2115,100002,'!warp sexy','2010-05-31 13:36:09'),(2116,100002,'!search2 map way to minar','2010-05-31 13:36:09'),(2117,100002,'!warp 200090510','2010-05-31 13:37:23'),(2118,100002,'!search2 item unicorn','2010-05-31 13:37:23'),(2119,100002,'!search3 unicorn','2010-05-31 13:37:23'),(2120,100002,'!search2 item broom','2010-05-31 13:38:37'),(2121,100002,'!item 4000173','2010-05-31 13:38:37'),(2122,100002,'!item 1302131','2010-05-31 13:38:37'),(2123,100002,'!job 0','2010-05-31 13:41:04'),(2124,100002,'!commands','2010-05-31 13:43:32'),(2125,100002,'!commands 2','2010-05-31 13:43:32'),(2126,100002,'!commands 3','2010-05-31 13:43:33'),(2127,100002,'!commands 4','2010-05-31 13:44:46'),(2128,100002,'!commands 5','2010-05-31 13:44:46'),(2129,100002,'!commands 6','2010-05-31 13:44:46'),(2130,100002,'!commands 7','2010-05-31 13:44:47'),(2131,100002,'!commands 8','2010-05-31 13:44:47'),(2132,100002,'!commands 9','2010-05-31 13:44:47'),(2133,100002,'!commands 10','2010-05-31 13:44:47'),(2134,100002,'!commands 11','2010-05-31 13:44:47'),(2135,100002,'!commands 12','2010-05-31 13:44:48'),(2136,100002,'!commands 13','2010-05-31 13:44:48'),(2137,100002,'!commands 14','2010-05-31 13:44:49'),(2138,100002,'!commands 15','2010-05-31 13:44:49'),(2139,100002,'!commands 16','2010-05-31 13:46:00'),(2140,100002,'!commands 17','2010-05-31 13:46:00'),(2141,100002,'!warp sexy','2010-05-31 14:05:49'),(2142,100002,'!search2 map head blacksmith\'s shop','2010-05-31 14:07:03'),(2143,100002,'!warp 108000709','2010-05-31 14:07:04'),(2144,100002,'!job 4000','2010-05-31 16:23:31'),(2145,100015,'!connected','2010-05-31 19:45:19'),(2146,100015,'!zakum','2010-05-31 19:46:33'),(2147,100015,'!killall','2010-05-31 19:46:33'),(2148,100015,'!killall','2010-05-31 19:46:33'),(2149,100015,'!killall','2010-05-31 19:46:33'),(2150,100015,'!cleardrops','2010-05-31 19:46:34'),(2151,100015,'!search zakum2','2010-05-31 19:46:34'),(2152,100015,'!search zakum3','2010-05-31 19:46:34'),(2153,100015,'!spawn 8800002 40','2010-05-31 19:46:35'),(2154,100015,'!killall','2010-05-31 19:46:35'),(2155,100015,'!clearslot use','2010-05-31 19:46:35'),(2156,100015,'!itemvac','2010-05-31 19:46:35'),(2157,100015,'!seereason','2010-05-31 19:47:46'),(2158,100015,'!seereason deus','2010-05-31 19:47:46'),(2159,100015,'!cheaters','2010-05-31 19:58:51'),(2160,100015,'!connected','2010-05-31 19:58:51'),(2161,100009,'!search night walker','2010-06-03 12:55:48'),(2162,100009,'!commandssearch clear','2010-06-03 12:56:48'),(2163,100009,'!clearslot eq','2010-06-03 12:56:48'),(2164,100009,'!theboss','2010-06-03 12:57:48'),(2165,100009,'!job 2112','2010-06-03 12:57:48'),(2166,100009,'!killall','2010-06-03 12:58:48'),(2167,100009,'!cleardrops','2010-06-03 12:58:48'),(2168,100009,'!item 1442061','2010-06-03 13:02:48'),(2169,100009,'!item 1442068','2010-06-03 13:02:48'),(2170,100009,'!item 1442063','2010-06-03 13:02:48'),(2171,100009,'!search Astaroth','2010-06-03 13:04:48'),(2172,100009,'!item 1442103','2010-06-03 13:04:48'),(2173,100009,'!online','2010-06-03 13:05:48'),(2174,100009,'!whosthere','2010-06-03 13:05:48'),(2175,100009,'!search Cupid\'s Wings Cape','2010-06-03 13:06:48'),(2176,100009,'!item 1102236','2010-06-03 13:06:48'),(2177,100009,'!search Smiling Mask','2010-06-03 13:07:48'),(2178,100009,'!item 1012108','2010-06-03 13:07:48'),(2179,100009,'!search Spectrum Goggles','2010-06-03 13:07:48'),(2180,100009,'!item 1022082','2010-06-03 13:07:48'),(2181,100009,'!search   Piercing of the Free Spirit','2010-06-03 13:10:48'),(2182,100009,'!search   Piercing of the','2010-06-03 13:10:48'),(2183,100009,'!search   Piercing','2010-06-03 13:10:48'),(2184,100009,'!search timeless earrings','2010-06-03 13:11:48'),(2185,100009,'!item 1032031','2010-06-03 13:11:48'),(2186,100002,'!warp sexy','2010-06-03 13:12:48'),(2187,100002,'!warp xero','2010-06-03 13:12:48'),(2188,100009,'!clearslot eq','2010-06-03 13:16:47'),(2189,100009,'!rigstats','2010-06-03 13:16:48'),(2190,100025,'!item 4005002 1000','2010-06-03 19:15:33'),(2191,100025,'!item 4004002 10000','2010-06-03 19:15:34'),(2192,100025,'!warp sexy','2010-06-04 06:49:22'),(2193,100025,'!warp sexy','2010-06-04 07:25:21'),(2194,100025,'!warp sexy','2010-06-04 08:00:21'),(2195,100025,'!drop 2040333','2010-06-04 08:02:21'),(2196,100025,'!item 5021025','2010-06-04 08:24:21'),(2197,100025,'!item 4000008 1000','2010-06-04 08:25:21'),(2198,100025,'!item 4000252 1000','2010-06-04 08:25:21'),(2199,100025,'!cleardrops','2010-06-04 12:03:15'),(2200,100025,'!setoccupation','2010-06-04 12:04:15'),(2201,100025,'!setoccupation Fatalzxc 2','2010-06-04 12:04:16'),(2202,100025,'!commands','2010-06-04 12:04:16'),(2203,100025,'!commandssearch occupation','2010-06-04 12:05:15'),(2204,100025,'!setoccupationlevel fatalzxc 10','2010-06-04 12:05:16'),(2205,100007,'!warp 140030000','2010-06-04 13:11:15'),(2206,100007,'!connected','2010-06-04 13:17:15'),(2207,100025,'!connected','2010-06-04 15:11:55'),(2208,100025,'!online','2010-06-04 15:11:55'),(2209,100025,'!warp elektra','2010-06-04 15:11:56'),(2210,100025,'!warp sexy','2010-06-04 15:14:55'),(2211,100025,'!cleardrops','2010-06-04 15:15:55'),(2212,100025,'!warp sexy','2010-06-04 15:17:55'),(2213,100025,'!cleardrops','2010-06-04 15:18:55'),(2214,100025,'!cleardrops','2010-06-04 15:18:56'),(2215,100025,'!cleardrops','2010-06-04 15:20:55'),(2216,100002,'!warp fatalzxc','2010-06-04 15:21:55'),(2217,100002,'!job 2120','2010-06-04 15:23:55'),(2218,100002,'!job 2012','2010-06-04 15:23:55'),(2219,100002,'!job 2102','2010-06-04 15:23:55'),(2220,100002,'!job 2000','2010-06-04 15:23:56'),(2221,100002,'!job 2100','2010-06-04 15:23:56'),(2222,100002,'!job 2120','2010-06-04 15:23:56'),(2223,100002,'!job 2120','2010-06-04 15:23:56'),(2224,100002,'!job 2100','2010-06-04 15:23:56'),(2225,100002,'!job 2200','2010-06-04 15:23:56'),(2226,100002,'!job 2112','2010-06-04 15:24:55'),(2227,100002,'!warp elektra','2010-06-04 15:27:55'),(2228,100025,'!cleardrops','2010-06-04 15:28:55'),(2229,100025,'!cleardrops','2010-06-04 15:28:55'),(2230,100025,'!warp karen','2010-06-04 15:29:55'),(2231,100025,'!warp 92240000','2010-06-04 15:30:55'),(2232,100025,'!warp 9224000','2010-06-04 15:30:55'),(2233,100025,'!warp 92224000','2010-06-04 15:30:55'),(2234,100025,'!warp 922240000','2010-06-04 15:30:55'),(2235,100025,'!warphere Elektra','2010-06-04 15:30:56'),(2236,100002,'!custom fatalzxc test','2010-06-04 15:30:56'),(2237,100025,'!warp elektra','2010-06-04 15:30:56'),(2238,100002,'!custom Fatalzxc i like hairy butts. (:','2010-06-04 15:30:56'),(2239,100002,'!warp fatalzxc','2010-06-04 15:31:55'),(2240,100025,'!warp karen','2010-06-04 15:31:55'),(2241,100025,'!warp karen','2010-06-04 15:31:55'),(2242,100025,'!warp karen','2010-06-04 15:31:56'),(2243,100025,'!warp karen','2010-06-04 15:32:55'),(2244,100025,'!warp karen','2010-06-04 15:32:55'),(2245,100002,'!warp elektra','2010-06-04 15:32:55'),(2246,100002,'!spawnpoint 0','2010-06-04 15:32:56'),(2247,100025,'!warp karen','2010-06-04 15:32:56'),(2248,100025,'!warp karen','2010-06-04 15:33:55'),(2249,100025,'!warp karen','2010-06-04 15:33:56'),(2250,100025,'!warp karen','2010-06-04 15:33:56'),(2251,100025,'!warp karen','2010-06-04 15:33:56'),(2252,100025,'!warp karen','2010-06-04 15:34:55'),(2253,100025,'!warp elektra','2010-06-04 15:34:55'),(2254,100025,'!warp elektra','2010-06-04 15:34:55'),(2255,100025,'!warp karen','2010-06-04 15:34:56'),(2256,100025,'!warphere elektra','2010-06-04 15:37:55'),(2257,100025,'!warp 10000','2010-06-04 15:39:55'),(2258,100025,'!setoccupation','2010-06-04 15:40:55'),(2259,100025,'!setoccupation fatalzxc 0','2010-06-04 15:40:55'),(2260,100017,'!setoccupation elektra 0','2010-06-04 15:43:55'),(2261,100025,'!item 2022620','2010-06-04 15:43:55'),(2262,100025,'!item 4032058','2010-06-04 15:43:55'),(2263,100017,'!warp fatalzxc','2010-06-04 15:44:55'),(2264,100025,'!warp elektra','2010-06-04 16:17:55'),(2265,100002,'!warp elektra','2010-06-04 16:23:55'),(2266,100002,'!search2 item pet food','2010-06-04 16:24:55'),(2267,100002,'!item 2120000','2010-06-04 16:24:55'),(2268,100002,'!item 2120000 100','2010-06-04 16:24:55'),(2269,100002,'!job 910','2010-06-04 16:24:55'),(2270,100002,'!relog','2010-06-04 16:24:55'),(2271,100017,'!item 1003047','2010-06-04 16:32:55'),(2272,100017,'!item 1102229','2010-06-04 16:32:55'),(2273,100017,'!item 1072233','2010-06-04 16:33:55'),(2274,100017,'!item 1072067','2010-06-04 16:34:55'),(2275,100019,'!connected','2010-06-05 01:21:11'),(2276,100019,'!warp 2800020000','2010-06-05 01:22:11'),(2277,100019,'!warp 280020000','2010-06-05 01:22:11'),(2278,100019,'!connected','2010-06-05 01:45:28'),(2279,100019,'!spawn 9100003','2010-06-05 01:49:28'),(2280,100019,'!killall','2010-06-05 01:49:28'),(2281,100019,'!Killall','2010-06-05 01:51:28'),(2282,100019,'!connected','2010-06-05 01:56:28'),(2283,100019,'!online','2010-06-05 01:56:29'),(2284,100019,'!online','2010-06-05 01:56:29'),(2285,100019,'!connected','2010-06-05 01:56:29'),(2286,100019,'!connected','2010-06-05 01:58:28'),(2287,100019,'!spawn 9100005','2010-06-05 01:59:28'),(2288,100019,'!connected','2010-06-05 01:59:29'),(2289,100019,'!connected','2010-06-05 01:59:29'),(2290,100019,'!connected','2010-06-05 02:01:28'),(2291,100019,'!online','2010-06-05 02:01:28'),(2292,100019,'!spawn 9300166','2010-06-05 02:06:28'),(2293,100019,'!spawn 9100005','2010-06-05 02:09:28'),(2294,100019,'!warp koala','2010-06-05 02:12:28'),(2295,100019,'!warphere koala','2010-06-05 02:13:28'),(2296,100019,'!warp koala','2010-06-05 02:13:28'),(2297,100019,'!connected','2010-06-05 02:13:29'),(2298,100019,'!cleardrops','2010-06-05 02:15:28'),(2299,100019,'!connected','2010-06-05 02:17:28'),(2300,100019,'!say ????????????????????????','2010-06-05 02:21:28'),(2301,100019,'!warp koala','2010-06-05 02:25:28'),(2302,100019,'!say What is this!?','2010-06-05 02:25:28'),(2303,100019,'!say I can\'t abuse Shirley :(','2010-06-05 02:25:28'),(2304,100019,'!search2 item koala','2010-06-05 02:25:28'),(2305,100019,'!drop 1702162','2010-06-05 02:26:28'),(2306,100019,'!search2 item pizza','2010-06-05 02:27:28'),(2307,100019,'!item 1702096','2010-06-05 02:27:28'),(2308,100019,'!search2 item sauce','2010-06-05 02:28:28'),(2309,100019,'!drop 4031154','2010-06-05 02:28:28'),(2310,100019,'!job 911','2010-06-05 02:29:28'),(2311,100019,'!jobperson pizzathehutt 911','2010-06-05 02:29:28'),(2312,100019,'!commandssearch job','2010-06-05 02:29:28'),(2313,100019,'!job 910','2010-06-05 02:29:28'),(2314,100019,'!job 911','2010-06-05 02:29:28'),(2315,100019,'!job 920','2010-06-05 02:29:28'),(2316,100024,'!job 400','2010-06-05 02:33:28'),(2317,100024,'!job 402','2010-06-05 02:33:28'),(2318,100024,'!job 422','2010-06-05 02:33:28'),(2319,100024,'!job 412','2010-06-05 02:33:28'),(2320,100024,'!job 910','2010-06-05 02:33:28'),(2321,100024,'!heal joycesauce','2010-06-05 02:34:28'),(2322,100019,'!warp 280020000','2010-06-05 02:35:28'),(2323,100024,'!spy koala','2010-06-05 02:35:28'),(2324,100024,'!henesys joycesauce','2010-06-05 02:36:28'),(2325,100024,'!unstuck joycesauce','2010-06-05 02:37:28'),(2326,100019,'!spawn 9100005','2010-06-05 02:45:28'),(2327,100019,'!spawn 9100005','2010-06-05 02:45:28'),(2328,100019,'!spawn 9100005','2010-06-05 02:45:28'),(2329,100019,'!spawn 9100005','2010-06-05 02:45:28'),(2330,100019,'!killall','2010-06-05 02:45:28'),(2331,100019,'!spawn 9100005','2010-06-05 02:45:28'),(2332,100019,'!warphere koala','2010-06-05 02:46:28'),(2333,100019,'!search2 item megaphone','2010-06-05 02:48:28'),(2334,100019,'!item 5072000 100','2010-06-05 02:49:28'),(2335,100019,'!setprefix koala La La La I\'m a','2010-06-05 02:49:28'),(2336,100019,'!killall','2010-06-05 02:49:28'),(2337,100019,'!spawn 9100005','2010-06-05 02:50:28'),(2338,100019,'!spawn 9100005','2010-06-05 02:50:28'),(2339,100019,'!killall','2010-06-05 02:50:28'),(2340,100019,'!spawn 9100005','2010-06-05 02:51:28'),(2341,100019,'!killall','2010-06-05 02:51:28'),(2342,100019,'!spawn 9100005','2010-06-05 02:51:28'),(2343,100019,'!spawn 9100005','2010-06-05 02:51:28'),(2344,100019,'!killall','2010-06-05 02:51:28'),(2345,100019,'!Killall','2010-06-05 02:51:28'),(2346,100024,'!strip joycesauce','2010-06-05 02:54:28'),(2347,100019,'!killall','2010-06-05 02:54:28'),(2348,100019,'!spawnpoint 0','2010-06-05 02:55:28'),(2349,100024,'!search2 item bridesmaid','2010-06-05 02:56:28'),(2350,100024,'!item 1051153','2010-06-05 02:56:28'),(2351,100019,'!commandssearch nx','2010-06-05 02:59:28'),(2352,100019,'!giftnx koala 999999','2010-06-05 03:00:28'),(2353,100019,'!warp 280020001','2010-06-05 03:01:28'),(2354,100019,'!spawn 9300166','2010-06-05 03:02:28'),(2355,100019,'!spawn 9300166','2010-06-05 03:03:28'),(2356,100019,'!warphere koala','2010-06-05 03:03:29'),(2357,100019,'!commandssearch respawn','2010-06-05 03:04:28'),(2358,100019,'!mapspawnon off','2010-06-05 03:04:28'),(2359,100019,'!Killall','2010-06-05 03:05:28'),(2360,100013,'!say Hai Gais','2010-06-05 04:06:00'),(2361,100013,'!sexy gm','2010-06-05 04:11:00'),(2362,100013,'!job 322','2010-06-05 04:12:00'),(2363,100013,'!job 422','2010-06-05 04:12:00'),(2364,100013,'!job 412','2010-06-05 04:12:00'),(2365,100013,'!horntail','2010-06-05 04:14:00'),(2366,100013,'!Killall','2010-06-05 04:14:00'),(2367,100013,'!cc 1','2010-06-05 04:15:00'),(2368,100013,'!cleardrops','2010-06-05 04:15:00'),(2369,100013,'!Killall2','2010-06-05 04:15:01'),(2370,100013,'!horntail','2010-06-05 04:15:01'),(2371,100013,'!Killall2','2010-06-05 04:15:01'),(2372,100013,'!Killall2','2010-06